accession,genename,GOIDs,localizations,organism,type
G3V6J8,Trib1,GO:0004672; GO:0004860; GO:0005524; GO:0005634; GO:0005737; GO:0007254; GO:0008134; GO:0014912; GO:0031434; GO:0031625; GO:0031665; GO:0032436; GO:0032496; GO:0043405; GO:0043433; GO:0045645; GO:0045651; GO:0045659; GO:0048662; GO:0055106,,Rattus norvegicus (Rat),Background Only
Q9EQL6,Trib1,GO:0004672; GO:0005524; GO:0005634; GO:0031434; GO:0032436; GO:0043405,,Rattus norvegicus (Rat),Background Only
Q9R012,Plk2,GO:0000082; GO:0000278; GO:0000785; GO:0000922; GO:0004674; GO:0005524; GO:0005634; GO:0005737; GO:0005813; GO:0005814; GO:0006468; GO:0007052; GO:0007093; GO:0007265; GO:0007613; GO:0010508; GO:0016525; GO:0018105; GO:0030425; GO:0032092; GO:0032436; GO:0032465; GO:0032486; GO:0043008; GO:0043066; GO:0044877; GO:0046599; GO:0048167; GO:0060291; GO:0060292; GO:0061000; GO:0071866; GO:0090050; GO:2000773,Cytoplasm; Cytoskeleton; Microtubule organizing center; Centrosome; Centriole; Cell projection; Dendrite,Rattus norvegicus (Rat),Background Only
Q62881,Nol3,GO:0001666; GO:0005730; GO:0005737; GO:0005739; GO:0006376; GO:0010880; GO:0016020; GO:0016529; GO:0019900; GO:0019902; GO:0035877; GO:0042981; GO:0043066; GO:0043154; GO:0045445; GO:0046872; GO:0048659; GO:0051259; GO:0051481; GO:0051562; GO:0071456; GO:0089720; GO:0090201; GO:0097340; GO:1902042; GO:1903073; GO:1903206; GO:1903215; GO:1903298; GO:2001243,Cytoplasm; Mitochondrion; Sarcoplasmic reticulum; Membrane,Rattus norvegicus (Rat),Background Only
Q63053,Arc,GO:0001669; GO:0003729; GO:0005737; GO:0005886; GO:0005938; GO:0006897; GO:0007010; GO:0007492; GO:0007612; GO:0007616; GO:0009952; GO:0015629; GO:0016477; GO:0022604; GO:0030054; GO:0031901; GO:0043197; GO:0045121; GO:0048168; GO:0050804; GO:0051028; GO:0051260; GO:0061001; GO:0098839; GO:0098845; GO:0098978; GO:0099149; GO:0110077; GO:1900271; GO:1900452; GO:1903561; GO:2000969,Extracellular vesicle membrane; Cell junction; Synapse; Postsynaptic cell membrane; Postsynaptic density; Early endosome membrane; Cell projection; Dendrite; Cytoplasm; Cytoskeleton; Cell cortex; Dendritic spine; Cytoplasmic vesicle; Secretory vesicle; Acrosome,Rattus norvegicus (Rat),Background Only
P10158,Fosl1,GO:0000978; GO:0001228; GO:0001701; GO:0003677; GO:0005634; GO:0005654; GO:0005829; GO:0007296; GO:0007565; GO:0007612; GO:0008285; GO:0009612; GO:0009629; GO:0014070; GO:0031668; GO:0032570; GO:0034097; GO:0042493; GO:0042542; GO:0042734; GO:0043005; GO:0043065; GO:0043231; GO:0045787; GO:0045944; GO:0051091; GO:0051412; GO:0051591; GO:0060674; GO:0061614; GO:2000144,Nucleus,Rattus norvegicus (Rat),Background Only
Q5U334,Pvr,GO:0001618; GO:0002860; GO:0005913; GO:0007156; GO:0007157; GO:0016021; GO:0038023; GO:0042271; GO:0042803; GO:0050839; GO:0060370,,Rattus norvegicus (Rat),Background Only
D3ZBN3,Epha2,GO:0001501; GO:0001570; GO:0001649; GO:0002043; GO:0004714; GO:0005005; GO:0005524; GO:0005887; GO:0005925; GO:0006954; GO:0007169; GO:0007411; GO:0008630; GO:0009986; GO:0010591; GO:0014028; GO:0016525; GO:0021915; GO:0030027; GO:0030216; GO:0030316; GO:0031256; GO:0032682; GO:0033598; GO:0033628; GO:0036342; GO:0043005; GO:0043235; GO:0043491; GO:0043535; GO:0046058; GO:0046849; GO:0048320; GO:0050830; GO:0051898; GO:0060035; GO:0060326; GO:0060444; GO:0070160; GO:0070309; GO:0070372; GO:0070848; GO:0072659; GO:0090630; GO:1901491; GO:1903078; GO:1903348; GO:1904238,,Rattus norvegicus (Rat),Background Only
P05432,Errfi1,GO:0005634; GO:0005737; GO:0005829; GO:0005886; GO:0007175; GO:0017124; GO:0019900; GO:0019901; GO:0031234; GO:0031267; GO:0031953; GO:0032691; GO:0032869; GO:0032966; GO:0036120; GO:0042059; GO:0042536; GO:0043589; GO:0045616; GO:0048286; GO:0050732; GO:0060426; GO:0060428; GO:0061469; GO:0070373; GO:0071364; GO:0071474; GO:0071549; GO:1903243,Cytoplasm; Cell membrane; Nucleus,Rattus norvegicus (Rat),Background Only
Q9JHX0,Rgs2,GO:0001965; GO:0001975; GO:0005096; GO:0005634; GO:0005730; GO:0005737; GO:0005829; GO:0007049; GO:0007283; GO:0007420; GO:0008277; GO:0009898; GO:0010519; GO:0010976; GO:0017148; GO:0030728; GO:0043005; GO:0043407; GO:0043951; GO:0045471; GO:0045744; GO:0048487; GO:0050873; GO:0055119; GO:0060087; GO:0060135; GO:0060452; GO:0061052; GO:0140194; GO:1900924,Cell membrane; Cytoplasm; Nucleus; Nucleolus,Rattus norvegicus (Rat),Background Only
M0R3P2,Plaur,GO:0001934; GO:0005102; GO:0005887; GO:0009986; GO:0019899; GO:0019904; GO:0030377; GO:0043388; GO:0045742; GO:0090200; GO:2001243; GO:2001268,,Rattus norvegicus (Rat),Background Only
M0R6Z6,Plaur,GO:0030162; GO:0030377,,Rattus norvegicus (Rat),Background Only
P49616,Plaur,GO:0005576; GO:0005886; GO:0007283; GO:0030162; GO:0030377; GO:0031225; GO:0043066; GO:0043403; GO:0048762; GO:0060742,Cell membrane; Secreted,Rattus norvegicus (Rat),Background Only
G3V7L2,Dusp4,GO:0004725; GO:0005654; GO:0008330; GO:0017017; GO:0035970; GO:0070373; GO:1990439,,Rattus norvegicus (Rat),Background Only
Q62767,Dusp4,GO:0000188; GO:0004725; GO:0005634; GO:0005737; GO:0006470; GO:0008138; GO:0008330; GO:0017017; GO:0035335; GO:0035970; GO:0070373; GO:1990439,Nucleus,Rattus norvegicus (Rat),Background Only
F1LNT5,Phlda1,GO:0005730; GO:0045210,,Rattus norvegicus (Rat),Background Only
Q9QZA1,Phlda1,GO:0005730; GO:0006915; GO:0021879; GO:0031410; GO:0043065,Cytoplasm; Cytoplasmic vesicle; Nucleus; Nucleolus,Rattus norvegicus (Rat),Background Only
P20695,Ifrd1,GO:0005634; GO:0005737; GO:0005886; GO:0007405; GO:0014009; GO:0042692; GO:0045944; GO:0051091; GO:0061629,Cytoplasm; Cell membrane; Nucleus,Rattus norvegicus (Rat),Background Only
Q5XIV9,Ifrd1,GO:0005634; GO:0005737; GO:0014706; GO:0030517; GO:0042692; GO:0043403; GO:0048671,,Rattus norvegicus (Rat),Background Only
Q4V8J4,Gpat3,GO:0003841; GO:0004366; GO:0005783; GO:0005789; GO:0016021; GO:0016024; GO:0019432; GO:0032006; GO:0102420,Endoplasmic reticulum membrane,Rattus norvegicus (Rat),Background Only
A0A0G2JZ99,Rrad,GO:0003924; GO:0005525; GO:0007165; GO:0016020; GO:1901842,,Rattus norvegicus (Rat),Background Only
G3V7K9,Rrad,GO:0003924; GO:0005525; GO:0007165; GO:0016020; GO:1901842,,Rattus norvegicus (Rat),Background Only
P55043,Rrad,GO:0003924; GO:0005246; GO:0005516; GO:0005525; GO:0005886; GO:0007165; GO:0030308; GO:1901842,Cell membrane,Rattus norvegicus (Rat),Background Only
Q06175,Hbegf,GO:0005154; GO:0005615; GO:0005887; GO:0007173; GO:0007399; GO:0008016; GO:0008083; GO:0008201; GO:0008284; GO:0009986; GO:0030307; GO:0035313; GO:0048661; GO:0050731; GO:0051545; GO:0051549; GO:0051897; GO:0060326; GO:0090303,Secreted; Extracellular space; Cell membrane,Rattus norvegicus (Rat),Background Only
F1LPJ5,Dusp5,GO:0004725; GO:0017017; GO:0035970,,Rattus norvegicus (Rat),Background Only
O54838,Dusp5,GO:0000188; GO:0004725; GO:0005634; GO:0005737; GO:0008138; GO:0017017; GO:0035335; GO:0035970; GO:0045892; GO:0045906,Nucleus,Rattus norvegicus (Rat),Background Only
A0A0G2JSK7,Sgms2,GO:0002950; GO:0005887; GO:0006686; GO:0030173; GO:0033188; GO:0046513; GO:0047493; GO:1905373,,Rattus norvegicus (Rat),Background Only
Q4JM44,Sgms2,GO:0005887; GO:0006686; GO:0016301; GO:0030148; GO:0030173; GO:0030176; GO:0033188; GO:0046513; GO:0047493,Cell membrane; Golgi apparatus membrane,Rattus norvegicus (Rat),Background Only
Q99MA1,Cited2,GO:0000790; GO:0001102; GO:0001570; GO:0001829; GO:0001843; GO:0001889; GO:0001892; GO:0001947; GO:0002089; GO:0002244; GO:0003151; GO:0003156; GO:0003197; GO:0003682; GO:0003700; GO:0003713; GO:0005634; GO:0006357; GO:0007179; GO:0007368; GO:0007417; GO:0007422; GO:0007507; GO:0007530; GO:0007569; GO:0008283; GO:0008584; GO:0009612; GO:0010628; GO:0010629; GO:0021602; GO:0022409; GO:0030511; GO:0030851; GO:0035802; GO:0035914; GO:0043066; GO:0045787; GO:0045892; GO:0045893; GO:0045944; GO:0046332; GO:0046697; GO:0048536; GO:0048538; GO:0048596; GO:0048821; GO:0060044; GO:0060136; GO:0060349; GO:0060412; GO:0060971; GO:0061156; GO:0061308; GO:0070986; GO:0071363; GO:1900164; GO:2000020,,Rattus norvegicus (Rat),Background Only
D3ZIA4,Kctd11,GO:0005737; GO:0007406; GO:0042802; GO:0045666; GO:0045879; GO:0051260,,Rattus norvegicus (Rat),Background Only
P51145,Fosl2,GO:0000978; GO:0001661; GO:0001666; GO:0003677; GO:0003690; GO:0003700; GO:0005634; GO:0006357; GO:0006366; GO:0007565; GO:0007568; GO:0007623; GO:0009409; GO:0009416; GO:0009612; GO:0009636; GO:0009648; GO:0014070; GO:0030431; GO:0032355; GO:0032570; GO:0034097; GO:0035902; GO:0043434; GO:0043565; GO:0044212; GO:0045893; GO:0051591,Nucleus,Rattus norvegicus (Rat),Background Only
D3ZLB7,Fosb,GO:0000978; GO:0001228; GO:0003690; GO:0003700; GO:0005634; GO:0005654; GO:0006366; GO:0007565; GO:0009612; GO:0032570; GO:0032870; GO:0042493; GO:0043278; GO:0043565; GO:0051412; GO:0051591; GO:0071277,,Rattus norvegicus (Rat),Background Only
Q62738,Fosl2,GO:0003677; GO:0003700; GO:0006357,,Rattus norvegicus (Rat),Background Only
S5NB67,Fosb,GO:0000978; GO:0003690; GO:0003700; GO:0005634; GO:0006357; GO:0006366; GO:0007565; GO:0009612; GO:0032570; GO:0032870; GO:0042493; GO:0043278; GO:0043565; GO:0051412; GO:0051591,,Rattus norvegicus (Rat),Background Only
D4AAK5,Ripk4,GO:0002009; GO:0004672; GO:0005524; GO:0005737; GO:0051092,,Rattus norvegicus (Rat),Background Only
D4AAU5,Rassf8,GO:0007165; GO:0034334,,Rattus norvegicus (Rat),Background Only
P54842,Mafb,GO:0000978; GO:0000981; GO:0001228; GO:0003700; GO:0005634; GO:0005667; GO:0006355; GO:0007379; GO:0007585; GO:0008134; GO:0021571; GO:0021572; GO:0021599; GO:0033077; GO:0035284; GO:0042472; GO:0042803; GO:0043565; GO:0045647; GO:0045671; GO:0045944; GO:0046982; GO:0048538; GO:1990837,Nucleus,Rattus norvegicus (Rat),Background Only
Q9R1U5,Sik1,GO:0000122; GO:0000287; GO:0002028; GO:0004674; GO:0005524; GO:0005634; GO:0005737; GO:0005829; GO:0006468; GO:0007049; GO:0007346; GO:0008140; GO:0010830; GO:0010868; GO:0019901; GO:0031588; GO:0032007; GO:0032792; GO:0035556; GO:0042149; GO:0042826; GO:0043153; GO:0043276; GO:0045595; GO:0045721; GO:0046777; GO:0048511; GO:0055007; GO:0071889,Cytoplasm; Nucleus,Rattus norvegicus (Rat),Background Only
A0A0G2JTQ1,Egr3,,,Rattus norvegicus (Rat),Background Only
P43301,Egr3,GO:0000977; GO:0000981; GO:0001938; GO:0002042; GO:0005634; GO:0006357; GO:0007274; GO:0007422; GO:0033089; GO:0035767; GO:0035924; GO:0043066; GO:0044344; GO:0045586; GO:0045944; GO:0046872; GO:0071363,Nucleus,Rattus norvegicus (Rat),Background Only
Q4V8L1,Egr3,GO:0003677; GO:0005634; GO:0046872,Nucleus,Rattus norvegicus (Rat),Background Only
A0A1W2Q6P5,Ier5,GO:0000159; GO:0005634; GO:0005737; GO:0034605; GO:0042127; GO:0042802; GO:0045944; GO:1900036,,Rattus norvegicus (Rat),Background Only
Q5BK73,Ier5,,,Rattus norvegicus (Rat),Background Only
D3ZRE0,Ripply2,GO:0000122; GO:0001503; GO:0005634; GO:0007219; GO:0007368; GO:0009880; GO:0032525; GO:0036342; GO:0060349,,Rattus norvegicus (Rat),Background Only
B2BL32,Jmjd3,GO:0005634; GO:0046872; GO:0071558,,Rattus norvegicus (Rat),Background Only
B2BL34,Jmjd3,GO:0005634; GO:0046872; GO:0071558,,Rattus norvegicus (Rat),Background Only
B2BL35,Jmjd3,GO:0005634; GO:0046872; GO:0071558,,Rattus norvegicus (Rat),Background Only
B2BL36,Jmjd3,GO:0005634; GO:0046872; GO:0071558,,Rattus norvegicus (Rat),Background Only
B2BL37,Jmjd3,GO:0005634; GO:0046872; GO:0071558,,Rattus norvegicus (Rat),Background Only
B2BL40,Jmjd3,GO:0005634; GO:0046872; GO:0071558,,Rattus norvegicus (Rat),Background Only
B2BL42,Jmjd3,GO:0005634; GO:0046872; GO:0071558,,Rattus norvegicus (Rat),Background Only
P42533,F3,GO:0002020; GO:0004896; GO:0005615; GO:0005737; GO:0005886; GO:0007568; GO:0007596; GO:0009266; GO:0009611; GO:0009612; GO:0009986; GO:0014911; GO:0016021; GO:0019221; GO:0032355; GO:0032496; GO:0034405; GO:0070301; GO:0071404,Membrane,Rattus norvegicus (Rat),Background Only
Q66HI4,F3,GO:0001938; GO:0002020; GO:0002541; GO:0004252; GO:0005543; GO:0005615; GO:0006919; GO:0007596; GO:0009986; GO:0010641; GO:0016021; GO:0045766; GO:0051897; GO:0062023; GO:1905286,,Rattus norvegicus (Rat),Background Only
P61214,Arl4a,GO:0005525; GO:0005634; GO:0005654; GO:0005730; GO:0005737; GO:0005829; GO:0005886; GO:0006886; GO:0016192; GO:0050873,Cell membrane; Cytoplasm; Nucleus; Nucleolus,Rattus norvegicus (Rat),Background Only
G3V742,Mmp13,GO:0001958; GO:0003417; GO:0004222; GO:0005509; GO:0005518; GO:0008270; GO:0022617; GO:0030282; GO:0030574; GO:0031012; GO:0044267,,Rattus norvegicus (Rat),Background Only
P23097,Mmp13,GO:0001503; GO:0001554; GO:0001649; GO:0001666; GO:0001958; GO:0001968; GO:0004222; GO:0005509; GO:0005518; GO:0005576; GO:0005615; GO:0005764; GO:0005794; GO:0006508; GO:0007507; GO:0007567; GO:0008270; GO:0009612; GO:0009725; GO:0022617; GO:0030198; GO:0030574; GO:0031012; GO:0035116; GO:0042493; GO:0043171; GO:0043627; GO:0044849; GO:0046581; GO:0048306; GO:0050750; GO:0060349; GO:0071498; GO:1904244,Secreted; Extracellular space; Extracellular matrix,Rattus norvegicus (Rat),Background Only
Q8K3H6,Mmp13,GO:0005581,,Rattus norvegicus (Rat),Background Only
A0A0G2K2L3,Sprr1b,GO:0001533; GO:0005198; GO:0005737; GO:0018149; GO:0030216,,Rattus norvegicus (Rat),Background Only
A0A0G2KA34,Mmp3,GO:0004222; GO:0008270; GO:0031012,,Rattus norvegicus (Rat),Background Only
F1LPL9,Mmp3,GO:0004222; GO:0008270; GO:0010727; GO:0031012; GO:0032461,,Rattus norvegicus (Rat),Background Only
P03957,Mmp3,GO:0001666; GO:0004222; GO:0005615; GO:0005634; GO:0007565; GO:0008270; GO:0009612; GO:0030198; GO:0030335; GO:0030425; GO:0030574; GO:0031012; GO:0032355; GO:0032496; GO:0032991; GO:0034097; GO:0034612; GO:0042060; GO:0043200; GO:0044297; GO:0044877; GO:0070555; GO:0071347; GO:0071460,Secreted; Extracellular space; Extracellular matrix,Rattus norvegicus (Rat),Background Only
D3ZZA9,Prrg4,GO:0005509; GO:0005576; GO:0016021,,Rattus norvegicus (Rat),Background Only
F1LP80,Vgf,GO:0005184,,Rattus norvegicus (Rat),Background Only
P20156,Vgf,GO:0005184; GO:0005615; GO:0008083; GO:0030133; GO:0030182; GO:0030667; GO:0043005; GO:0043025; GO:0043084; GO:0045202; GO:0048168,Secreted; Cytoplasmic vesicle; Secretory vesicle,Rattus norvegicus (Rat),Background Only
Q8VD48,Dhrs9,GO:0002138; GO:0004022; GO:0004745; GO:0008209; GO:0030176; GO:0042448; GO:0042573; GO:0042904; GO:0047023; GO:0047035; GO:0047044,Microsome membrane; Endoplasmic reticulum membrane,Rattus norvegicus (Rat),Background Only
D4AAE4,Prss22,GO:0004252; GO:0019897; GO:0046658,,Rattus norvegicus (Rat),Background Only
G3V788,Mmp10,GO:0004222; GO:0008270; GO:0030334; GO:0031012,,Rattus norvegicus (Rat),Background Only
P07152,Mmp10,GO:0004222; GO:0005615; GO:0008270; GO:0030198; GO:0030574; GO:0031012,Secreted; Extracellular space; Extracellular matrix,Rattus norvegicus (Rat),Background Only
D3ZI64,Ankrd34c,,,Rattus norvegicus (Rat),Background Only
A0A0G2KB92,Dclk1,GO:0004672; GO:0005524; GO:0035556,,Rattus norvegicus (Rat),Background Only
A0A1W2Q632,Dclk1,GO:0004674; GO:0005524,,Rattus norvegicus (Rat),Background Only
A0A1W2Q6Q2,Dclk1,GO:0004672; GO:0005524; GO:0035556,,Rattus norvegicus (Rat),Background Only
O08875,Dclk1,GO:0004672; GO:0004674; GO:0005524; GO:0006468; GO:0007399; GO:0009615; GO:0030154; GO:0030424; GO:0030426,,Rattus norvegicus (Rat),Background Only
Q9WVP7,Dclk1,,,Rattus norvegicus (Rat),Background Only
Q63921,Ptgs1,GO:0001516; GO:0004601; GO:0004666; GO:0005635; GO:0005737; GO:0005789; GO:0006954; GO:0006979; GO:0007568; GO:0007612; GO:0007613; GO:0008217; GO:0010243; GO:0010700; GO:0019233; GO:0019371; GO:0020037; GO:0032811; GO:0035633; GO:0043231; GO:0045907; GO:0045987; GO:0046872; GO:0051213; GO:0051412; GO:0070542; GO:0097756,Microsome membrane; Endoplasmic reticulum membrane,Rattus norvegicus (Rat),Background Only
Q66HK3,Ptgs1,GO:0001750; GO:0004601; GO:0004666; GO:0005794; GO:0006954; GO:0006979; GO:0008217; GO:0019371; GO:0020037; GO:0042127,,Rattus norvegicus (Rat),Background Only
P09810,Tph1,GO:0004510; GO:0005506; GO:0005737; GO:0006587; GO:0007623; GO:0030279; GO:0035902; GO:0043005; GO:0045600; GO:0046849; GO:0060749,,Rattus norvegicus (Rat),Background Only
Q6AYP2,Mfap3l,GO:0005634; GO:0005737; GO:0005886; GO:0016021,Cell membrane; Nucleus; Cytoplasm,Rattus norvegicus (Rat),Background Only
Q9QZH0,Fzd4,GO:0001540; GO:0001570; GO:0004896; GO:0004930; GO:0005886; GO:0005911; GO:0007223; GO:0007605; GO:0009986; GO:0010812; GO:0016021; GO:0016055; GO:0017147; GO:0019955; GO:0030165; GO:0030425; GO:0030947; GO:0031625; GO:0031987; GO:0034446; GO:0035426; GO:0035567; GO:0038023; GO:0042701; GO:0042803; GO:0042813; GO:0043507; GO:0044877; GO:0045893; GO:0046982; GO:0051091; GO:0060070; GO:0061299; GO:0061301; GO:0061304; GO:0098978; GO:0110135; GO:0150012; GO:1990830,Membrane; Cell membrane,Rattus norvegicus (Rat),Background Only
P18589,Mx2,GO:0000266; GO:0003374; GO:0003924; GO:0005525; GO:0005634; GO:0005737; GO:0008017; GO:0009615; GO:0016020; GO:0031966; GO:0045087; GO:0051607; GO:0061025,Cytoplasm,Rattus norvegicus (Rat),Background Only
Q499Q3,Mx2,GO:0003924; GO:0005525; GO:0009615; GO:0034340; GO:0045071,,Rattus norvegicus (Rat),Background Only
A0A0G2K1G2,Hsf2bp,,,Rattus norvegicus (Rat),Background Only
B0BNC3,Hsf2bp,,,Rattus norvegicus (Rat),Background Only
G3V646,Hsf2bp,,,Rattus norvegicus (Rat),Background Only
G3V6F7,Sytl5,GO:0005543; GO:0005623; GO:0006886; GO:0006887; GO:0017137,,Rattus norvegicus (Rat),Background Only
Q812E4,Sytl5,GO:0005543; GO:0006886; GO:0016020; GO:0017137; GO:0046872; GO:0070382,Membrane,Rattus norvegicus (Rat),Background Only
D3ZAG0,Sema6a,GO:0001755; GO:0001764; GO:0004888; GO:0005615; GO:0005887; GO:0007411; GO:0030215; GO:0030335; GO:0045499; GO:0048843; GO:0050919; GO:0051642; GO:0071526; GO:2001224,,Rattus norvegicus (Rat),Background Only
D3ZAX7,Sema6a,GO:0001755; GO:0005615; GO:0005887; GO:0030215; GO:0030335; GO:0045499; GO:0048843; GO:0050919; GO:0071526; GO:2001224,,Rattus norvegicus (Rat),Background Only
A0A0A0MY13,Gpr158,GO:0004930; GO:0016021; GO:0072659,,Rattus norvegicus (Rat),Background Only
D4A6L0,Gpr158,GO:0004930; GO:0005886; GO:0016021,Cell membrane,Rattus norvegicus (Rat),Background Only
Q80ZF7,Rdh10,GO:0001656; GO:0001701; GO:0002138; GO:0004745; GO:0005789; GO:0005811; GO:0007601; GO:0008406; GO:0014032; GO:0016021; GO:0031076; GO:0035115; GO:0042574; GO:0043231; GO:0043583; GO:0043584; GO:0048703; GO:0052650; GO:0060431; GO:0060449; GO:1900054,Microsome membrane; Endoplasmic reticulum membrane,Rattus norvegicus (Rat),Background Only
D3ZB51,Igsf9b,GO:0007156; GO:0007399; GO:0014069; GO:0016021; GO:0019900; GO:0030054; GO:0030425; GO:0043025; GO:0045211; GO:0060077; GO:0097151; GO:0098982; GO:0099560; GO:0099629,Cell junction; Synapse; Postsynaptic cell membrane; Postsynaptic density,Rattus norvegicus (Rat),Background Only
B5DF61,Trib2,GO:0004672; GO:0005524; GO:0005634; GO:0031434; GO:0032436; GO:0043405; GO:0045081,,Rattus norvegicus (Rat),Background Only
G3V6F9,Tnfrsf12a,GO:0001726; GO:0005886; GO:0006931; GO:0009986; GO:0016021; GO:0045765; GO:0045773; GO:0061041; GO:0097191; GO:2001238,,Rattus norvegicus (Rat),Background Only
Q80XX9,Tnfrsf12a,GO:0005886; GO:0016021; GO:2001238,,Rattus norvegicus (Rat),Background Only
D4A3I1,Tnfsf18,GO:0002309; GO:0009986; GO:0010759; GO:0016021; GO:0032813; GO:0033209; GO:0042129; GO:0042802; GO:0045785; GO:0050729; GO:0051092; GO:0090026; GO:0090073; GO:2000329; GO:2000508,,Rattus norvegicus (Rat),Background Only
A0A0G2JV24,Thbs1,GO:0000187; GO:0001786; GO:0001953; GO:0001968; GO:0002040; GO:0002544; GO:0002581; GO:0002605; GO:0005178; GO:0005509; GO:0005577; GO:0005615; GO:0005737; GO:0006955; GO:0007050; GO:0007155; GO:0008201; GO:0009612; GO:0009749; GO:0009897; GO:0010748; GO:0010751; GO:0010754; GO:0010757; GO:0010763; GO:0016477; GO:0016525; GO:0017134; GO:0018149; GO:0030169; GO:0030511; GO:0031091; GO:0032026; GO:0032695; GO:0033574; GO:0040037; GO:0042493; GO:0042535; GO:0043032; GO:0043154; GO:0043236; GO:0043536; GO:0043652; GO:0045727; GO:0045766; GO:0048661; GO:0050431; GO:0050921; GO:0051592; GO:0051897; GO:0051918; GO:0062023; GO:0070051; GO:0070052; GO:0071356; GO:0071363; GO:0071636; GO:0090051; GO:1902043; GO:1903588; GO:2000353; GO:2000379; GO:2001027,,Rattus norvegicus (Rat),Background Only
M0R979,Thbs1,GO:0005509; GO:0005615; GO:0005737; GO:0006954; GO:0007155; GO:0008201; GO:0009612; GO:0016525; GO:0033574; GO:0050431; GO:0050840; GO:0062023; GO:0071356; GO:0071363; GO:0071636,,Rattus norvegicus (Rat),Background Only
Q71SA3,Thbs1,GO:0005509; GO:0005615; GO:0005737; GO:0006954; GO:0007155; GO:0008201; GO:0009612; GO:0016525; GO:0032914; GO:0033574; GO:0050431; GO:0050840; GO:0062023; GO:0071356; GO:0071363; GO:0071636,,Rattus norvegicus (Rat),Background Only
Q64346,Dusp6,GO:0004725; GO:0005737; GO:0005829; GO:0006470; GO:0008138; GO:0010033; GO:0010942; GO:0014070; GO:0017017; GO:0030154; GO:0042493; GO:0043065; GO:0051409; GO:0060420; GO:0070373; GO:0070848,Cytoplasm,Rattus norvegicus (Rat),Background Only
Q5M863,Dusp2,GO:0000188; GO:0004725; GO:0005634; GO:0005737; GO:0008138; GO:0017017; GO:0031965; GO:0051019,,Rattus norvegicus (Rat),Background Only
A0A0H2UI29,Bdkrb2,GO:0004947; GO:0006939; GO:0016021; GO:0042310,,Rattus norvegicus (Rat),Background Only
G3V942,Bdkrb2,GO:0002020; GO:0004947; GO:0005768; GO:0005886; GO:0006939; GO:0009651; GO:0016021; GO:0031702; GO:0033137; GO:0042310; GO:0042311; GO:0046982; GO:0050482; GO:1902239,,Rattus norvegicus (Rat),Background Only
P25023,Bdkrb2,GO:0002438; GO:0004930; GO:0004947; GO:0005886; GO:0006939; GO:0007204; GO:0008285; GO:0016021; GO:0019233; GO:0031698; GO:0035633; GO:0042310; GO:0042493; GO:0045776; GO:0071456,Cell membrane,Rattus norvegicus (Rat),Background Only
D4AE48,Midn,GO:0005634; GO:0005829; GO:0019900; GO:0033132; GO:0046676,Nucleus; Cytoplasm; Cytosol; Nucleolus,Rattus norvegicus (Rat),Background Only
Q6P771,Sertad1,GO:0005634; GO:0005737; GO:0030308; GO:0045944,,Rattus norvegicus (Rat),Background Only
D4ABY6,Sh2b3,GO:0001780; GO:0005070; GO:0005173; GO:0008285; GO:0035162; GO:0035556; GO:0035702; GO:0035855; GO:0036016; GO:0038163; GO:0042532; GO:0043407; GO:0048821; GO:0051898; GO:0070100; GO:0090331; GO:1900235; GO:1990782,,Rattus norvegicus (Rat),Background Only
P50745,Sh2b3,GO:0005068; GO:0005886; GO:0030097; GO:0035556; GO:0042301; GO:0044877; GO:0045589; GO:1903671,,Rattus norvegicus (Rat),Background Only
D4A4F4,Nab2,GO:0001958; GO:0003712; GO:0005634; GO:0006355; GO:0008134; GO:0014037; GO:0016480; GO:0042552; GO:0042802; GO:0045682; GO:1902949,,Rattus norvegicus (Rat),Background Only
Q9R011,Plk3,GO:0000082; GO:0000122; GO:0000278; GO:0000302; GO:0000922; GO:0002039; GO:0004672; GO:0004674; GO:0005524; GO:0005634; GO:0005730; GO:0005737; GO:0005795; GO:0005813; GO:0006468; GO:0006915; GO:0006970; GO:0006974; GO:0009314; GO:0030425; GO:0031122; GO:0032465; GO:0043025; GO:0043066; GO:0043491; GO:0044819; GO:0048167; GO:0048169; GO:0051302; GO:0090166; GO:0090316; GO:1904716; GO:2000777,Cell projection; Dendrite; Cytoplasm; Nucleus; Nucleolus; Golgi apparatus; Cytoskeleton; Microtubule organizing center; Centrosome,Rattus norvegicus (Rat),Background Only
Q5FVP2,Nabp1,GO:0000724; GO:0000784; GO:0003677; GO:0003697; GO:0003723; GO:0005634; GO:0005654; GO:0005829; GO:0006281; GO:0006974; GO:0007093; GO:0010212; GO:0070876,Nucleus,Rattus norvegicus (Rat),Background Only
A0A0G2JX73,Klf10,GO:0003676,,Rattus norvegicus (Rat),Background Only
O08876,Klf10,GO:0000978; GO:0000981; GO:0001046; GO:0001228; GO:0005634; GO:0006357; GO:0007623; GO:0009267; GO:0030282; GO:0035019; GO:0042752; GO:0045672; GO:0045892; GO:0046872; GO:1901653,Nucleus,Rattus norvegicus (Rat),Background Only
D3ZAE6,Vasn,GO:0005615; GO:0005739; GO:0005886; GO:0009986; GO:0010719; GO:0016021; GO:0030512; GO:0031012; GO:0050431; GO:0070062; GO:0071456; GO:0071461,,Rattus norvegicus (Rat),Background Only
D3ZC87,Maff,GO:0000978; GO:0001701; GO:0003700; GO:0005634; GO:0005739; GO:0035914; GO:0043565; GO:0045604; GO:0045944,Nucleus,Rattus norvegicus (Rat),Background Only
A0A0H2UHN2,Idi1,GO:0004452; GO:0005777; GO:0008299; GO:0016787,,Rattus norvegicus (Rat),Background Only
O35760,Idi1,GO:0004452; GO:0005777; GO:0006695; GO:0009240; GO:0016787; GO:0046872; GO:0050992,Peroxisome,Rattus norvegicus (Rat),Background Only
B1H230,Map2k3,GO:0000187; GO:0001934; GO:0002931; GO:0004674; GO:0004708; GO:0005524; GO:0005737; GO:0005829; GO:0007507; GO:0023014; GO:0031098; GO:0032147; GO:0051770; GO:0071222; GO:0072709,,Rattus norvegicus (Rat),Background Only
Q498S1,Map2k3,GO:0000187; GO:0001934; GO:0002931; GO:0004674; GO:0004708; GO:0005524; GO:0005737; GO:0005829; GO:0007507; GO:0023014; GO:0031098; GO:0032147; GO:0051770; GO:0071222; GO:0072709,,Rattus norvegicus (Rat),Background Only
D3ZHH8,Srf,GO:0000790; GO:0001228; GO:0001569; GO:0001666; GO:0001707; GO:0001764; GO:0001829; GO:0001947; GO:0002011; GO:0002042; GO:0003257; GO:0005634; GO:0005737; GO:0007160; GO:0007275; GO:0007616; GO:0008134; GO:0008285; GO:0008306; GO:0009725; GO:0010669; GO:0010735; GO:0010736; GO:0021766; GO:0022028; GO:0030155; GO:0030168; GO:0030220; GO:0030336; GO:0030878; GO:0031175; GO:0031490; GO:0033561; GO:0034097; GO:0035855; GO:0035912; GO:0042789; GO:0042803; GO:0042826; GO:0043149; GO:0043565; GO:0043589; GO:0044212; GO:0045059; GO:0045214; GO:0045773; GO:0045893; GO:0045987; GO:0046016; GO:0046716; GO:0048538; GO:0048589; GO:0048821; GO:0051091; GO:0051491; GO:0055003; GO:0060218; GO:0060261; GO:0060292; GO:0060324; GO:0060347; GO:0060425; GO:0060532; GO:0060534; GO:0060947; GO:0061029; GO:0061145; GO:0061629; GO:0070830; GO:0070878; GO:0071333; GO:0090009; GO:0090136; GO:0090398; GO:1900222; GO:1902894; GO:1902895,Nucleus,Rattus norvegicus (Rat),Background Only
A0A0G2JST8,Stk40,GO:0003016; GO:0004672; GO:0005524; GO:0005654; GO:0005829; GO:0005977; GO:0010468; GO:0035264; GO:0043066; GO:0043408; GO:0048286; GO:0060425,,Rattus norvegicus (Rat),Background Only
Q7TNL4,Stk40,GO:0004674; GO:0005524; GO:0005634; GO:0005737,Nucleus; Cytoplasm,Rattus norvegicus (Rat),Background Only
P51639,Hmgcr,GO:0004420; GO:0005778; GO:0005789; GO:0006695; GO:0006743; GO:0007568; GO:0007584; GO:0008284; GO:0008299; GO:0008542; GO:0010142; GO:0010664; GO:0010666; GO:0015936; GO:0016021; GO:0016126; GO:0032874; GO:0042177; GO:0042282; GO:0042803; GO:0043066; GO:0043231; GO:0043407; GO:0045445; GO:0045471; GO:0048643; GO:0048661; GO:0051262; GO:0051721; GO:0061045; GO:0061179; GO:0070374; GO:0070402; GO:0097756; GO:1900222,Endoplasmic reticulum membrane,Rattus norvegicus (Rat),Background Only
D4ADT9,Hes1,GO:0001227; GO:0001889; GO:0003143; GO:0003266; GO:0005634; GO:0005737; GO:0007155; GO:0007219; GO:0007224; GO:0016477; GO:0021537; GO:0021555; GO:0021557; GO:0021558; GO:0021575; GO:0021984; GO:0030324; GO:0030513; GO:0030901; GO:0031016; GO:0035019; GO:0035910; GO:0042102; GO:0042531; GO:0042803; GO:0042826; GO:0043388; GO:0045598; GO:0045608; GO:0045747; GO:0045944; GO:0045977; GO:0046331; GO:0048469; GO:0048538; GO:0048667; GO:0048711; GO:0048715; GO:0050678; GO:0051087; GO:0060122; GO:0060164; GO:0060253; GO:0060412; GO:0060675; GO:0060716; GO:0061009; GO:0061106; GO:0061309; GO:0061626; GO:0065003; GO:0071820; GO:0072012; GO:0072049; GO:0072050; GO:0072141; GO:0072282; GO:0090102; GO:0090162; GO:0097084; GO:0097150; GO:1905934; GO:2000227; GO:2000737; GO:2000974,Nucleus,Rattus norvegicus (Rat),Background Only
F7J211,Hes1,,,Rattus norvegicus (Rat),Background Only
Q04666,Hes1,GO:0000122; GO:0000785; GO:0000977; GO:0001227; GO:0003677; GO:0003682; GO:0005634; GO:0005654; GO:0007219; GO:0008134; GO:0008432; GO:0009952; GO:0010628; GO:0010629; GO:0010977; GO:0014070; GO:0016363; GO:0021861; GO:0030154; GO:0030182; GO:0035315; GO:0042531; GO:0042803; GO:0043279; GO:0043388; GO:0043497; GO:0043565; GO:0044877; GO:0045665; GO:0045687; GO:0045892; GO:0046425; GO:0046427; GO:0048711; GO:0048715; GO:0050767; GO:0050768; GO:0060253; GO:0065003; GO:0070888; GO:0071347; GO:0071356; GO:0071398; GO:0071820; GO:0090281; GO:0097066; GO:0097150; GO:1990090; GO:2000974; GO:2000978,Nucleus,Rattus norvegicus (Rat),Background Only
O35780,Bhlhe40,GO:0000122; GO:0000977; GO:0001227; GO:0003714; GO:0005634; GO:0005737; GO:0007399; GO:0007623; GO:0009416; GO:0009952; GO:0030154; GO:0032922; GO:0042752; GO:0045892; GO:0046983; GO:0048168; GO:0050767; GO:0070888,Cytoplasm; Nucleus,Rattus norvegicus (Rat),Background Only
Q76JQ4,Bhlhe40,GO:0000980; GO:0001102; GO:0001227; GO:0003714; GO:0016604; GO:0019904; GO:0032922; GO:0042803; GO:0043153; GO:0043426; GO:0043433; GO:0046982; GO:0070888,Nucleus,Rattus norvegicus (Rat),Background Only
D4A7U1,Zyx,GO:0001725; GO:0005634; GO:0005737; GO:0005829; GO:0005913; GO:0005925; GO:0007160; GO:0007165; GO:0007179; GO:0007229; GO:0043149; GO:0045335; GO:0046872; GO:0050727; GO:0071346,,Rattus norvegicus (Rat),Background Only
Q923V7,Klf4,GO:0000122; GO:0000785; GO:0000978; GO:0000981; GO:0001010; GO:0001085; GO:0001221; GO:0001228; GO:0003690; GO:0003700; GO:0005634; GO:0005654; GO:0005667; GO:0005719; GO:0005737; GO:0006357; GO:0008013; GO:0009913; GO:0014067; GO:0014740; GO:0019827; GO:0031077; GO:0032088; GO:0032270; GO:0034115; GO:0035014; GO:0035166; GO:0042826; GO:0043154; GO:0043565; GO:0044212; GO:0044798; GO:0045415; GO:0045429; GO:0045444; GO:0045892; GO:0045944; GO:0046985; GO:0048662; GO:0048679; GO:0048730; GO:0051898; GO:0051973; GO:0060070; GO:0060761; GO:0061614; GO:0070301; GO:0070373; GO:0071300; GO:0071363; GO:0071407; GO:0071409; GO:0071499; GO:0090051; GO:1901653; GO:1903672; GO:1904798; GO:1904998; GO:1990830; GO:1990841; GO:2000134; GO:2000342,,Rattus norvegicus (Rat),Background Only
G3V8W4,Bmp2,GO:0000122; GO:0000187; GO:0001649; GO:0001658; GO:0001666; GO:0001701; GO:0001837; GO:0001938; GO:0002062; GO:0003130; GO:0003181; GO:0003203; GO:0003308; GO:0004745; GO:0005615; GO:0006029; GO:0006954; GO:0007219; GO:0008083; GO:0008285; GO:0009617; GO:0009986; GO:0010718; GO:0010862; GO:0010922; GO:0019211; GO:0021978; GO:0030335; GO:0030501; GO:0030509; GO:0031648; GO:0032092; GO:0032348; GO:0033690; GO:0035054; GO:0035630; GO:0039706; GO:0042475; GO:0042482; GO:0042487; GO:0043065; GO:0043231; GO:0043569; GO:0045165; GO:0045600; GO:0045666; GO:0045669; GO:0045786; GO:0045892; GO:0045944; GO:0046332; GO:0046982; GO:0048711; GO:0048762; GO:0048839; GO:0051042; GO:0055007; GO:0055008; GO:0060039; GO:0060128; GO:0060129; GO:0060317; GO:0060389; GO:0060395; GO:0060804; GO:0061036; GO:0070374; GO:0070700; GO:0070724; GO:0071407; GO:0072138; GO:0090090; GO:1900745; GO:1901522; GO:1902895; GO:2000065; GO:2000726,Secreted,Rattus norvegicus (Rat),Background Only
P49001,Bmp2,GO:0000122; GO:0001503; GO:0005125; GO:0005160; GO:0005615; GO:0005737; GO:0008083; GO:0009612; GO:0010862; GO:0019904; GO:0030509; GO:0031982; GO:0032526; GO:0032991; GO:0042698; GO:0042803; GO:0042981; GO:0043408; GO:0045944; GO:0048468; GO:0048762; GO:0050769; GO:0051216; GO:0060395; GO:0070700; GO:0071260; GO:0071773,Secreted,Rattus norvegicus (Rat),Background Only
D3ZPF0,Fhl3,GO:0001725; GO:0003779; GO:0005634; GO:0030018; GO:0030036; GO:0046872,,Rattus norvegicus (Rat),Background Only
D4A978,Plcd3,GO:0001525; GO:0004435; GO:0005829; GO:0016020; GO:0016042; GO:0032959; GO:0035556; GO:0042127; GO:0060716,,Rattus norvegicus (Rat),Background Only
A0A0G2JSW8,Coq10b,,,Rattus norvegicus (Rat),Background Only
Q5I0I9,Coq10b,GO:0005739; GO:0005743; GO:0006744; GO:0045333; GO:0048039,Mitochondrion inner membrane,Rattus norvegicus (Rat),Background Only
Q5U2P3,Zfand2a,GO:0000502; GO:0005634; GO:0005737; GO:0008270; GO:0032436; GO:0071243,Cytoplasm; Nucleus,Rattus norvegicus (Rat),Background Only
A0A0G2JW78,Rara,GO:0000122; GO:0000790; GO:0000900; GO:0000976; GO:0000977; GO:0000981; GO:0001657; GO:0001843; GO:0001889; GO:0001972; GO:0002068; GO:0003148; GO:0003417; GO:0003707; GO:0003714; GO:0004879; GO:0005102; GO:0005634; GO:0005737; GO:0005829; GO:0006468; GO:0007275; GO:0007281; GO:0007283; GO:0007565; GO:0008134; GO:0008144; GO:0008270; GO:0008284; GO:0008285; GO:0008584; GO:0009755; GO:0015629; GO:0017148; GO:0019904; GO:0021766; GO:0030154; GO:0030374; GO:0030425; GO:0030850; GO:0030853; GO:0031076; GO:0031490; GO:0031641; GO:0032355; GO:0032526; GO:0032689; GO:0032720; GO:0032736; GO:0032753; GO:0032754; GO:0033189; GO:0033993; GO:0034097; GO:0035264; GO:0038023; GO:0042826; GO:0042981; GO:0043005; GO:0043066; GO:0043277; GO:0043422; GO:0044323; GO:0045471; GO:0045630; GO:0045666; GO:0045787; GO:0045944; GO:0046982; GO:0048027; GO:0048167; GO:0048384; GO:0048471; GO:0048732; GO:0051018; GO:0051099; GO:0051393; GO:0055012; GO:0060010; GO:0060173; GO:0060324; GO:0060349; GO:0060429; GO:0060534; GO:0060591; GO:0061037; GO:0071222; GO:0071300; GO:0071391; GO:0090575,Nucleus,Rattus norvegicus (Rat),Background Only
Q499N1,Rara,GO:0000122; GO:0000900; GO:0000976; GO:0000977; GO:0000981; GO:0001889; GO:0003707; GO:0004879; GO:0005634; GO:0005737; GO:0007275; GO:0007565; GO:0008134; GO:0008144; GO:0008270; GO:0008285; GO:0008584; GO:0009755; GO:0014068; GO:0017148; GO:0021766; GO:0030154; GO:0030374; GO:0030425; GO:0030850; GO:0031641; GO:0032355; GO:0032526; GO:0033189; GO:0033993; GO:0034097; GO:0035014; GO:0038023; GO:0042826; GO:0042981; GO:0043005; GO:0045471; GO:0045666; GO:0045944; GO:0048027; GO:0048167; GO:0048384; GO:0048471; GO:0048732; GO:0051897; GO:0060349; GO:0060429; GO:0070374; GO:0071300; GO:0090575,Nucleus,Rattus norvegicus (Rat),Background Only
Q5FVG9,Rnd1,GO:0003924; GO:0005102; GO:0005525; GO:0005737; GO:0005886; GO:0005912; GO:0005938; GO:0007015; GO:0007162; GO:0007266; GO:0008360; GO:0015629; GO:0016322; GO:0019901; GO:0030334; GO:0030950; GO:0032153; GO:0032956; GO:0043231; GO:0051017,,Rattus norvegicus (Rat),Background Only
Q5XIP1,Pelo,GO:0001833; GO:0004519; GO:0005634; GO:0005737; GO:0007049; GO:0007492; GO:0019827; GO:0030513; GO:0032790; GO:0043022; GO:0046872; GO:0051276; GO:0051301; GO:0060231; GO:0070481; GO:0070651; GO:0070966; GO:0071025,Nucleus; Cytoplasm,Rattus norvegicus (Rat),Background Only
P48317,Gadd45a,GO:0000086; GO:0000185; GO:0005634; GO:0005737; GO:0006974; GO:0007050; GO:0051726,Nucleus,Rattus norvegicus (Rat),Background Only
Q66HL6,Gadd45a,GO:0000185; GO:0000979; GO:0005737; GO:0006469; GO:0007098; GO:0016607; GO:0019900; GO:0042770; GO:0042803; GO:0043065; GO:0046330; GO:0046982; GO:0047485; GO:0071260; GO:0071479; GO:0071850; GO:1900745; GO:2000379,,Rattus norvegicus (Rat),Background Only
Q0VGK8,Cdc42ep3,GO:0005737; GO:0005886; GO:0007266; GO:0008360; GO:0015629; GO:0017049; GO:0030838; GO:0031274,,Rattus norvegicus (Rat),Background Only
P27881,Hk2,GO:0001666; GO:0001678; GO:0002931; GO:0004340; GO:0004396; GO:0005524; GO:0005536; GO:0005739; GO:0005741; GO:0005829; GO:0005886; GO:0006007; GO:0006096; GO:0007595; GO:0008637; GO:0008865; GO:0016529; GO:0019158; GO:0035795; GO:0045766; GO:0046324; GO:0046835; GO:0072655; GO:0072656; GO:1904925; GO:1990830; GO:2000378,Mitochondrion outer membrane; Cytoplasm; Cytosol,Rattus norvegicus (Rat),Background Only
G3V7Z9,Egr4,GO:0043565; GO:0045944,,Rattus norvegicus (Rat),Background Only
Q00911,Egr4,GO:0000977; GO:0000981; GO:0005634; GO:0006357; GO:0045944; GO:0046872; GO:0071363,Nucleus,Rattus norvegicus (Rat),Background Only
B3DM86,Srxn1,GO:0005524; GO:0032542,,Rattus norvegicus (Rat),Background Only
D4A2G7,Eaf1,GO:0006355; GO:0016604; GO:0032783; GO:0045171,,Rattus norvegicus (Rat),Background Only
A0A0G2QC65,Arl5b,GO:0005525; GO:0005737; GO:0005802; GO:0006886; GO:0016192; GO:1903292,,Rattus norvegicus (Rat),Background Only
G3V9B1,Arl5b,GO:0005525; GO:0005737; GO:0005802; GO:0006886; GO:0016192; GO:1903292,,Rattus norvegicus (Rat),Background Only
D4A9N5,Trim25,GO:0005829; GO:0006513; GO:0008270; GO:0016604; GO:0030433; GO:0033280; GO:0043123; GO:0043627; GO:0045087; GO:0046597; GO:0051092; GO:0061630; GO:1902187; GO:1990830,,Rattus norvegicus (Rat),Background Only
Q6P7B3,Trim25,GO:0008270; GO:0033280; GO:0043627,,Rattus norvegicus (Rat),Background Only
O35532,Msmo1,GO:0000254; GO:0005506; GO:0005789; GO:0016021; GO:0016126,Endoplasmic reticulum membrane,Rattus norvegicus (Rat),Background Only
Q2WFZ6,Cdkn1a,GO:0016301,,Rattus norvegicus (Rat),Background Only
Q64315,Cdkn1a,GO:0000082; GO:0000086; GO:0000307; GO:0004861; GO:0005634; GO:0005730; GO:0005737; GO:0005829; GO:0006606; GO:0006977; GO:0006978; GO:0007265; GO:0007507; GO:0009636; GO:0010033; GO:0010165; GO:0010243; GO:0010629; GO:0010942; GO:0014070; GO:0016604; GO:0019901; GO:0019912; GO:0030308; GO:0030332; GO:0030890; GO:0031100; GO:0031625; GO:0034198; GO:0034605; GO:0042246; GO:0042493; GO:0042771; GO:0043066; GO:0043068; GO:0044877; GO:0046685; GO:0048146; GO:0048471; GO:0051384; GO:0051412; GO:0055093; GO:0060574; GO:0070557; GO:0071480; GO:0071493; GO:0071850; GO:0090398; GO:0090399; GO:1904706; GO:1905179; GO:2000278; GO:2000379,,Rattus norvegicus (Rat),Background Only
A0A0G2K2S2,Slc2a1,GO:0005355; GO:0016021,,Rattus norvegicus (Rat),Background Only
P11167,Slc2a1,GO:0001666; GO:0001939; GO:0005355; GO:0005737; GO:0005829; GO:0005886; GO:0005887; GO:0005901; GO:0005911; GO:0006970; GO:0007565; GO:0014704; GO:0016323; GO:0016324; GO:0019900; GO:0021987; GO:0030018; GO:0030496; GO:0030864; GO:0031982; GO:0032868; GO:0033300; GO:0042149; GO:0042383; GO:0042802; GO:0042908; GO:0042910; GO:0043621; GO:0055056; GO:0065003; GO:0070837; GO:0071260; GO:0071474; GO:1904016; GO:1904659,Cell membrane,Rattus norvegicus (Rat),Background Only
D3ZUE4,Socs5,GO:0005154; GO:0005942; GO:0007173; GO:0007175; GO:0007259; GO:0016567; GO:0019221; GO:0030971; GO:0032436; GO:0032715; GO:0035556; GO:0045627; GO:0045629; GO:0046854; GO:0046935; GO:0050728; GO:0071404; GO:0071638; GO:0097699,,Rattus norvegicus (Rat),Background Only
P17425,Hmgcs1,GO:0001889; GO:0004421; GO:0005829; GO:0006084; GO:0006695; GO:0007420; GO:0008144; GO:0008584; GO:0009645; GO:0009725; GO:0010033; GO:0010142; GO:0014070; GO:0014074; GO:0016853; GO:0033197; GO:0034698; GO:0042493; GO:0042803; GO:0043177; GO:0046690; GO:0070723; GO:0071372; GO:0071397; GO:0071404; GO:0071407,Cytoplasm,Rattus norvegicus (Rat),Background Only
D3ZRK0,Fam83h,GO:0019901; GO:0030335; GO:0044380; GO:0045095; GO:0045104; GO:1990254,,Rattus norvegicus (Rat),Background Only
Q9EQS5,Sc5d,GO:0000248; GO:0005506; GO:0005789; GO:0006631; GO:0016021; GO:0016126; GO:0033490; GO:0043231; GO:0050046,Endoplasmic reticulum membrane,Rattus norvegicus (Rat),Background Only
Q6GMN2,Baiap2,GO:0001221; GO:0001726; GO:0005654; GO:0005791; GO:0005794; GO:0005829; GO:0005874; GO:0005886; GO:0007009; GO:0007420; GO:0008093; GO:0008360; GO:0009617; GO:0010976; GO:0014069; GO:0015629; GO:0016358; GO:0030141; GO:0030165; GO:0030175; GO:0030182; GO:0030838; GO:0032956; GO:0035418; GO:0042802; GO:0043025; GO:0043197; GO:0043198; GO:0044306; GO:0048167; GO:0051017; GO:0051764; GO:0060076; GO:0061003; GO:0061845; GO:0061846; GO:0070064; GO:0071364; GO:0097060; GO:0097110; GO:0098685; GO:0098793; GO:0098794; GO:0098978; GO:0099092; GO:0099523; GO:0099524; GO:0099564; GO:1905232; GO:1905274; GO:2000251; GO:2000463,Cytoplasm; Membrane; Cell projection; Filopodium; Ruffle; Cytoskeleton,Rattus norvegicus (Rat),Background Only
A0A0G2JSU9,Tnfrsf1a,GO:0000139; GO:0003176; GO:0003177; GO:0003332; GO:0005031; GO:0005615; GO:0006693; GO:0006954; GO:0008630; GO:0009986; GO:0010614; GO:0016021; GO:0042531; GO:0042742; GO:0043120; GO:0043123; GO:0043235; GO:0045121; GO:0045944; GO:0050728; GO:0050729; GO:0071260; GO:0072659; GO:1902339; GO:1903140,,Rattus norvegicus (Rat),Background Only
P22934,Tnfrsf1a,GO:0000139; GO:0001666; GO:0002020; GO:0005031; GO:0005615; GO:0005634; GO:0005739; GO:0005829; GO:0005886; GO:0006693; GO:0006915; GO:0006952; GO:0006954; GO:0007166; GO:0009611; GO:0009986; GO:0010628; GO:0010629; GO:0016021; GO:0019221; GO:0030424; GO:0032496; GO:0032715; GO:0032760; GO:0032991; GO:0033209; GO:0042981; GO:0043066; GO:0043120; GO:0043200; GO:0043235; GO:0043279; GO:0043525; GO:0044877; GO:0045121; GO:0045202; GO:0045471; GO:0045766; GO:0045944; GO:0050729; GO:0051291; GO:0071392,Cell membrane; Golgi apparatus membrane,Rattus norvegicus (Rat),Background Only
Q9Z1P3,Mcl1,GO:0005654; GO:0005741; GO:0005829; GO:0007275; GO:0008630; GO:0016020; GO:0016021; GO:0030154; GO:0042803; GO:0043066; GO:0046982; GO:0046983; GO:0051400; GO:0097192; GO:2001243,Membrane; Cytoplasm; Mitochondrion; Nucleus; Nucleoplasm,Rattus norvegicus (Rat),Background Only
Q63244,Foxq1,GO:0000981; GO:0005634; GO:0006357; GO:0009653; GO:0030154; GO:0043565,Nucleus,Rattus norvegicus (Rat),Background Only
B2RYK3,Spr,GO:0004757; GO:0006729,,Rattus norvegicus (Rat),Background Only
P18297,Spr,GO:0004757; GO:0005737; GO:0006729; GO:0010033,Cytoplasm,Rattus norvegicus (Rat),Background Only
Q63532,Sprr1a,GO:0001533; GO:0005198; GO:0005737; GO:0018149; GO:0030216; GO:0031424,Cytoplasm,Rattus norvegicus (Rat),Background Only
Q9QYN5,Bcl10,GO:0001772; GO:0001783; GO:0001843; GO:0002020; GO:0002224; GO:0002237; GO:0002250; GO:0002906; GO:0003713; GO:0005634; GO:0005737; GO:0005764; GO:0005829; GO:0005881; GO:0006968; GO:0007249; GO:0008022; GO:0008134; GO:0008219; GO:0009620; GO:0016064; GO:0019209; GO:0019900; GO:0019901; GO:0031398; GO:0031625; GO:0031663; GO:0032094; GO:0032449; GO:0032991; GO:0042327; GO:0042802; GO:0043065; GO:0043123; GO:0043280; GO:0043422; GO:0043621; GO:0045087; GO:0045121; GO:0045416; GO:0045893; GO:0048471; GO:0050700; GO:0050852; GO:0050856; GO:0050870; GO:0051059; GO:0051092; GO:0051259; GO:0051260; GO:0051291; GO:0070231; GO:0071260; GO:2001238,Cytoplasm; Membrane raft,Rattus norvegicus (Rat),Background Only
G3V880,Klf6,GO:0003676,,Rattus norvegicus (Rat),Background Only
O35819,Klf6,GO:0000981; GO:0003690; GO:0003700; GO:0005634; GO:0006357; GO:0019221; GO:0042060; GO:0045944; GO:0046872; GO:0070301; GO:0071407; GO:0071409; GO:1901653,Nucleus,Rattus norvegicus (Rat),Background Only
D3ZHK9,Zfp36l2,GO:0003730; GO:0005829; GO:0046872; GO:0061158,,Rattus norvegicus (Rat),Background Only
Q5U2U8,Bag3,GO:0000045; GO:0000774; GO:0001725; GO:0005634; GO:0005829; GO:0005886; GO:0007420; GO:0008625; GO:0010664; GO:0021510; GO:0030018; GO:0034605; GO:0034620; GO:0042307; GO:0043005; GO:0043066; GO:0044877; GO:0046716; GO:0046827; GO:0050821; GO:0051087; GO:0061684; GO:0071260; GO:0097192; GO:0097201; GO:0101031; GO:1903215; GO:1905337,,Rattus norvegicus (Rat),Background Only
B1WBX9,Cish,GO:0005886; GO:0007205; GO:0016567; GO:0035556,,Rattus norvegicus (Rat),Background Only
O70512,Cish,GO:0005942; GO:0016567; GO:0019221; GO:0035556; GO:0040008; GO:0046627; GO:0046854; GO:0046935,,Rattus norvegicus (Rat),Background Only
D4A579,Zbtb7b,GO:0000122; GO:0000978; GO:0001158; GO:0001228; GO:0001865; GO:0005634; GO:0005654; GO:0007595; GO:0010628; GO:0031065; GO:0032868; GO:0042803; GO:0042826; GO:0043372; GO:0043377; GO:0046628; GO:0051141; GO:0060850; GO:0072615; GO:0090336; GO:0120162; GO:1990845; GO:2000320; GO:2000640,,Rattus norvegicus (Rat),Background Only
P52020,Sqle,GO:0004506; GO:0005783; GO:0005789; GO:0006725; GO:0008203; GO:0010033; GO:0016021; GO:0016126; GO:0042127; GO:0043231; GO:0071949; GO:0140042,Microsome membrane; Endoplasmic reticulum membrane,Rattus norvegicus (Rat),Background Only
G3V9V2,Elf1,GO:0000978; GO:0000981; GO:0001228; GO:0001817; GO:0005634; GO:0006355; GO:0006357; GO:0030154; GO:0050860,Nucleus,Rattus norvegicus (Rat),Background Only
Q9EQY1,Elf1,GO:0000981; GO:0005634; GO:0006355; GO:0006357; GO:0030154; GO:0043565,Nucleus,Rattus norvegicus (Rat),Background Only
Q9EQY2,Elf1,GO:0000981; GO:0005634; GO:0006355; GO:0006357; GO:0030154; GO:0043565,Nucleus,Rattus norvegicus (Rat),Background Only
Q9EQY3,Elf1,GO:0000981; GO:0003700; GO:0005634; GO:0006355; GO:0006357; GO:0030154; GO:0043565; GO:0045944,Nucleus,Rattus norvegicus (Rat),Background Only
D4A2F2,Pard6b,GO:0005080; GO:0005634; GO:0005829; GO:0005923; GO:0005938; GO:0007043; GO:0007098; GO:0007163; GO:0016324; GO:0017048; GO:0032991; GO:0060341; GO:0065003,,Rattus norvegicus (Rat),Background Only
B1H229,Smox,GO:0016491; GO:0046208; GO:0046592,,Rattus norvegicus (Rat),Background Only
B1WBU6,Smox,GO:0005654; GO:0016491; GO:0031965; GO:0046208; GO:0046592,,Rattus norvegicus (Rat),Background Only
A0A0G2K6U7,Nfkbiz,GO:0005634; GO:0006954; GO:0016607; GO:0036464; GO:0050729; GO:0050852; GO:2000321,,Rattus norvegicus (Rat),Background Only
D4A1S9,Nfkbiz,GO:0005634,,Rattus norvegicus (Rat),Background Only
P22273,Il6r,GO:0002827; GO:0004896; GO:0005143; GO:0005615; GO:0005896; GO:0008083; GO:0008284; GO:0009897; GO:0010332; GO:0010536; GO:0019955; GO:0019981; GO:0032496; GO:0032729; GO:0032809; GO:0032816; GO:0042104; GO:0042164; GO:0042531; GO:0043235; GO:0043434; GO:0043514; GO:0045471; GO:0045519; GO:0048589; GO:0050671; GO:0051135; GO:0051384; GO:0051591; GO:0070102; GO:0070743,Membrane,Rattus norvegicus (Rat),Background Only
A0A0G2K8Y7,Tmcc3,GO:0016021,,Rattus norvegicus (Rat),Background Only
D3ZLE2,Tmcc3,GO:0016021,,Rattus norvegicus (Rat),Background Only
D3ZE75,Lrp8,GO:0005509; GO:0005875; GO:0005901; GO:0008035; GO:0014069; GO:0016020; GO:0016021; GO:0019894; GO:0021987; GO:0030229; GO:0030424; GO:0030425; GO:0042493; GO:0043025; GO:0043235; GO:0071363; GO:0071397,,Rattus norvegicus (Rat),Background Only
A0A096MJH3,Lss,,,Rattus norvegicus (Rat),Background Only
A0A096MK55,Lss,GO:0000250; GO:0005811; GO:0016104; GO:0042300,,Rattus norvegicus (Rat),Background Only
A0A096MK62,Lss,GO:0000250; GO:0005811; GO:0016104; GO:0042300,,Rattus norvegicus (Rat),Background Only
A0A0G2JVC8,Lss,GO:0000250; GO:0005811; GO:0006695; GO:0016104; GO:0031647; GO:0042300,,Rattus norvegicus (Rat),Background Only
P48450,Lss,GO:0000250; GO:0005789; GO:0005811; GO:0006695; GO:0016104; GO:0016125; GO:0042300; GO:0043231,Endoplasmic reticulum membrane,Rattus norvegicus (Rat),Background Only
G3V6N9,Egln3,GO:0001666; GO:0005506; GO:0005634; GO:0005829; GO:0006915; GO:0006919; GO:0018401; GO:0031418; GO:0031545; GO:0042127,,Rattus norvegicus (Rat),Background Only
Q62630,Egln3,GO:0005506; GO:0005634; GO:0005737; GO:0006915; GO:0006919; GO:0006974; GO:0016705; GO:0031418; GO:0042127; GO:0043523; GO:0051213,Nucleus; Cytoplasm,Rattus norvegicus (Rat),Background Only
A0A0H2UHB1,Hsd17b7,GO:0000253; GO:0005783; GO:0006695; GO:0007399; GO:0030154; GO:0048706,,Rattus norvegicus (Rat),Background Only
Q62904,Hsd17b7,GO:0000253; GO:0004303; GO:0005148; GO:0005783; GO:0005886; GO:0006695; GO:0006703; GO:0014070; GO:0016020; GO:0016021; GO:0021766; GO:0032355; GO:0042493; GO:0060135; GO:1990637,Cell membrane,Rattus norvegicus (Rat),Background Only
A0A0G2JW03,Lpin1,GO:0003713; GO:0005634; GO:0005741; GO:0008195; GO:0009062; GO:0019432; GO:0031100; GO:0032869; GO:0045944; GO:0120162,,Rattus norvegicus (Rat),Background Only
Q5XIM8,Lpin1,GO:0003713; GO:0005634; GO:0005741; GO:0008195; GO:0009062; GO:0019432; GO:0031100; GO:0032869; GO:0045944; GO:0120162,,Rattus norvegicus (Rat),Background Only
G3V7Q4,Ptpn12,GO:0002102; GO:0004725; GO:0005829; GO:0017124; GO:0042058; GO:0042246; GO:0071364,Cytoplasm,Rattus norvegicus (Rat),Background Only
Q63745,Ptpn12,GO:0004725; GO:0005829; GO:0042246,,Rattus norvegicus (Rat),Background Only
A0A0G2K6Z7,Vegfa,GO:0008083; GO:0008201; GO:0016020; GO:0120162,,Rattus norvegicus (Rat),Background Only
A0A0H2UHY5,Vegfa,GO:0008083; GO:0016020; GO:0120162,,Rattus norvegicus (Rat),Background Only
B5DEK7,Vegfa,GO:0008083; GO:0008201; GO:0016020; GO:0120162,,Rattus norvegicus (Rat),Background Only
F1M6X1,Vegfa,GO:0008083; GO:0008201; GO:0016020; GO:0120162,,Rattus norvegicus (Rat),Background Only
F8WG85,Vegfa,GO:0008083; GO:0016020; GO:0120162,,Rattus norvegicus (Rat),Background Only
G8JLS5,Vegfa,GO:0008083; GO:0008201; GO:0016020; GO:0120162,,Rattus norvegicus (Rat),Background Only
P16612,Vegfa,GO:0001525; GO:0001666; GO:0001934; GO:0001938; GO:0001974; GO:0002040; GO:0005172; GO:0005604; GO:0005615; GO:0007399; GO:0007565; GO:0007568; GO:0008083; GO:0008201; GO:0008284; GO:0009409; GO:0009967; GO:0010595; GO:0016020; GO:0019838; GO:0030212; GO:0031334; GO:0031982; GO:0032355; GO:0032570; GO:0033189; GO:0035148; GO:0035690; GO:0038084; GO:0042056; GO:0042060; GO:0042088; GO:0042803; GO:0043069; GO:0043117; GO:0043183; GO:0043184; GO:0044344; GO:0045766; GO:0045779; GO:0045944; GO:0048010; GO:0048255; GO:0048286; GO:0048661; GO:0050731; GO:0050930; GO:0051593; GO:0051781; GO:0051894; GO:0060326; GO:0060754; GO:0060978; GO:0070482; GO:0071548; GO:0071549; GO:0097475; GO:0120162; GO:1901215,Secreted,Rattus norvegicus (Rat),Background Only
Q541S7,Vegfa,GO:0008083; GO:0016020; GO:0120162,,Rattus norvegicus (Rat),Background Only
Q91ZE2,Vegfa,GO:0120162,,Rattus norvegicus (Rat),Background Only
Q08755,Insig1,GO:0005789; GO:0008203; GO:0016021; GO:0032355; GO:0032869; GO:0033993; GO:0043434; GO:0070542,Endoplasmic reticulum membrane,Rattus norvegicus (Rat),Background Only
D4AAH4,Ets2,GO:0000978; GO:0000981; GO:0001227; GO:0001712; GO:0003677; GO:0005634; GO:0005654; GO:0005829; GO:0005886; GO:0006357; GO:0007498; GO:0019904; GO:0030154; GO:0035259; GO:0045944; GO:0090009,Nucleus,Rattus norvegicus (Rat),Background Only
P29524,Serpinb2,GO:0004867; GO:0005615; GO:0005737; GO:0010951; GO:0042060; GO:0043066,Cytoplasm; Secreted; Extracellular space,Rattus norvegicus (Rat),Background Only
G3V9H8,Ret,GO:0000165; GO:0000187; GO:0001657; GO:0001755; GO:0001838; GO:0004714; GO:0005509; GO:0005524; GO:0005769; GO:0005829; GO:0005886; GO:0005887; GO:0007156; GO:0007158; GO:0007169; GO:0007399; GO:0010008; GO:0010976; GO:0014042; GO:0022008; GO:0030154; GO:0030335; GO:0030424; GO:0030425; GO:0033141; GO:0033619; GO:0033630; GO:0035799; GO:0035860; GO:0042493; GO:0042551; GO:0043025; GO:0043231; GO:0043235; GO:0043410; GO:0045121; GO:0045793; GO:0045893; GO:0048265; GO:0048484; GO:0050770; GO:0051897; GO:0060041; GO:0060384; GO:0061146; GO:0071300; GO:0072300; GO:0098797,Cell membrane; Endosome membrane,Rattus norvegicus (Rat),Background Only
Q63197,RET,,,Rattus norvegicus (Rat),Background Only
Q5PQN5,Trim55,GO:0005634; GO:0005737; GO:0008270; GO:0042802,Cytoplasm; Nucleus,Rattus norvegicus (Rat),Background Only
Q99PE6,Smim3,GO:0007399; GO:0016021,Membrane,Rattus norvegicus (Rat),Background Only
A0A0H2UHA9,Mmd,GO:0016021; GO:0019835,,Rattus norvegicus (Rat),Background Only
Q719N3,Mmd,GO:0004672; GO:0005765; GO:0005794; GO:0016021; GO:0019835; GO:0031902; GO:0032880; GO:0045666; GO:0045860,Late endosome membrane; Lysosome membrane,Rattus norvegicus (Rat),Background Only
D4ACP4,Tm4sf1,GO:0001825; GO:0005887,,Rattus norvegicus (Rat),Background Only
B2B9A9,Efnb2,GO:0001945; GO:0002042; GO:0005886; GO:0005912; GO:0007155; GO:0007411; GO:0008284; GO:0009887; GO:0010839; GO:0010977; GO:0031295; GO:0046875; GO:0048013; GO:0048514; GO:0048845; GO:0050920; GO:0072178; GO:0098685; GO:0098978; GO:0099054; GO:0099056; GO:0099061; GO:0099072; GO:0099149; GO:1901216; GO:1903849; GO:2000727,,Rattus norvegicus (Rat),Background Only
A0A0G2K826,Krt7,,,Rattus norvegicus (Rat),Background Only
Q6IG12,Krt7,GO:0045095,,Rattus norvegicus (Rat),Background Only
A0A0G2JT64,Akr1b8,GO:0004032; GO:0005739; GO:0005829; GO:0008106; GO:0016491; GO:0016918; GO:0019751; GO:0042572; GO:0042574; GO:0052650; GO:0070401; GO:0070402,,Rattus norvegicus (Rat),Background Only
G3V786,Akr1b8,GO:0004032; GO:0005739; GO:0005829; GO:0008106; GO:0016491; GO:0016918; GO:0019751; GO:0042572; GO:0042574; GO:0052650; GO:0070401; GO:0070402,,Rattus norvegicus (Rat),Background Only
Q6AY99,Akr1b10,GO:0004032; GO:0005739; GO:0005829; GO:0008106; GO:0016491; GO:0016918; GO:0019751; GO:0042572; GO:0042574; GO:0052650; GO:0070401; GO:0070402,,Rattus norvegicus (Rat),Background Only
Q91W30,Akr1b8,GO:0004032; GO:0005739; GO:0005829; GO:0008106; GO:0016491,,Rattus norvegicus (Rat),Background Only
D4A5T8,Ppl,GO:0005198; GO:0005737; GO:0005856; GO:0009612; GO:0016020; GO:0042060; GO:0045104,,Rattus norvegicus (Rat),Background Only
F1LQQ7,Scn7a,GO:0001518; GO:0005244; GO:0005248; GO:0005272; GO:0005886; GO:0006814; GO:0006936; GO:0009617; GO:0019228; GO:0030424; GO:0034765; GO:0035725; GO:0055078; GO:0086010; GO:0097386,Cell membrane,Rattus norvegicus (Rat),Background Only
P97706,Scn7a,GO:0001518; GO:0005244; GO:0005248; GO:0005272; GO:0005886; GO:0006814; GO:0006936; GO:0019228; GO:0030424; GO:0034765; GO:0035725; GO:0086010,Cell membrane,Rattus norvegicus (Rat),Background Only
Q9ESV8,scn7A,GO:0001518; GO:0005248; GO:0006936,,Rattus norvegicus (Rat),Background Only
M0R6S5,Chsy3,GO:0008376; GO:0032580,Golgi apparatus; Golgi stack membrane,Rattus norvegicus (Rat),Background Only
F1M9T2,Parp8,GO:0003950; GO:0070213; GO:0140289; GO:1990404,,Rattus norvegicus (Rat),Background Only
M0R8G7,Parp8,GO:0003950,,Rattus norvegicus (Rat),Background Only
P61794,Lpar1,GO:0000187; GO:0001965; GO:0004930; GO:0005543; GO:0005737; GO:0005768; GO:0005886; GO:0005887; GO:0007186; GO:0007193; GO:0007202; GO:0007420; GO:0008360; GO:0009986; GO:0010942; GO:0010977; GO:0014003; GO:0021549; GO:0021554; GO:0022008; GO:0022038; GO:0030139; GO:0030165; GO:0032060; GO:0035025; GO:0035727; GO:0042552; GO:0043005; GO:0043025; GO:0043065; GO:0043123; GO:0043197; GO:0043198; GO:0043410; GO:0043951; GO:0051482; GO:0051496; GO:0060326; GO:0060999; GO:0070915; GO:0071453; GO:0071673; GO:1904566,Cell surface; Cell membrane; Endosome,Rattus norvegicus (Rat),Background Only
Q6QDP7,Creb3l2,GO:0000785; GO:0001228; GO:0002062; GO:0005634; GO:0005654; GO:0005783; GO:0005789; GO:0006888; GO:0009611; GO:0010628; GO:0010976; GO:0016021; GO:0030968; GO:0034976; GO:0035497; GO:0044212; GO:0051216; GO:0097038,Endoplasmic reticulum membrane; Nucleus,Rattus norvegicus (Rat),Background Only
D4ADU2,Slc7a11,GO:0005791; GO:0005856; GO:0005886; GO:0006749; GO:0006979; GO:0007420; GO:0008542; GO:0009986; GO:0014070; GO:0015179; GO:0016021; GO:0021591; GO:0021756; GO:0030534; GO:0031526; GO:0033029; GO:0034599; GO:0034775; GO:0035094; GO:0042127; GO:0043231; GO:0048021; GO:0048286; GO:0050804; GO:0051223; GO:0051775; GO:0060173; GO:0070306; GO:0070527; GO:0090461; GO:0097449; GO:0098712; GO:0140206; GO:1901494; GO:1903204; GO:1903786; GO:1904717; GO:2000211,,Rattus norvegicus (Rat),Background Only
B2GV87,Ptpre,GO:0004725; GO:0005634; GO:0005737; GO:0005886; GO:0006470; GO:0016021; GO:0046627,Cell membrane; Cytoplasm,Rattus norvegicus (Rat),Background Only
B1WBW9,Abhd10,,,Rattus norvegicus (Rat),Background Only
Q5I0K5,Abhd10,GO:0005739; GO:0102390,Mitochondrion,Rattus norvegicus (Rat),Background Only
D3ZNT8,Gpr63,GO:0004930; GO:0005634; GO:0005829; GO:0005886; GO:0016021; GO:0043235,,Rattus norvegicus (Rat),Background Only
A0A0F7RQ24,Cga,GO:0005179; GO:0005576; GO:0006590; GO:0008406; GO:0030878; GO:0032275; GO:0032870; GO:0046621; GO:0046884; GO:0048589,Secreted,Rattus norvegicus (Rat),Background Only
P11962,Cga,GO:0005615; GO:0006590; GO:0007186; GO:0008406; GO:0010469; GO:0010893; GO:0016913; GO:0016914; GO:0030878; GO:0032275; GO:0032870; GO:0046621; GO:0046884; GO:0048589,Secreted,Rattus norvegicus (Rat),Background Only
Q6P509,Cga,GO:0005179; GO:0005576,Secreted,Rattus norvegicus (Rat),Background Only
D4A7D4,Slc41a2,GO:0005886; GO:0016021; GO:0070838; GO:0072509,,Rattus norvegicus (Rat),Background Only
Q4G075,Serpinb1a,GO:0004867; GO:0005615; GO:0005737; GO:0006954; GO:0010951; GO:0019725; GO:0042176; GO:0044342; GO:0045088; GO:0050713,Cytoplasm,Rattus norvegicus (Rat),Background Only
P26260,Sdc1,GO:0001657; GO:0006954; GO:0007155; GO:0007267; GO:0008022; GO:0009636; GO:0009897; GO:0009986; GO:0010033; GO:0016021; GO:0016477; GO:0032991; GO:0042060; GO:0042476; GO:0042542; GO:0042802; GO:0048627; GO:0050840; GO:0051384; GO:0051591; GO:0051592; GO:0055002; GO:0060009; GO:0060070; GO:0070062; GO:1903543; GO:1903553,Membrane; Secreted; Exosome,Rattus norvegicus (Rat),Background Only
B1WC67,Slc25a24,GO:0005347; GO:0005509; GO:0005743; GO:0006839; GO:0010941; GO:0016021; GO:0034599; GO:0071277,,Rattus norvegicus (Rat),Background Only
Q5BJY9,Krt18,GO:0005198; GO:0005730; GO:0005829; GO:0016363; GO:0033209; GO:0034451; GO:0043000; GO:0043066; GO:0045095; GO:0045104; GO:0071944; GO:0097110; GO:0097191; GO:0097284,Nucleus matrix; Nucleus; Nucleolus; Cytoplasm,Rattus norvegicus (Rat),Background Only
A0A0G2JXB1,Lgals3,GO:0030246,,Rattus norvegicus (Rat),Background Only
A0A0G2JXN6,Lgals3,GO:0001772; GO:0002548; GO:0005634; GO:0005743; GO:0019863; GO:0019903; GO:0030246; GO:0030593; GO:0030855; GO:0042056; GO:0042129; GO:0043236; GO:0045806; GO:0048245; GO:0048246; GO:0070232; GO:0071677; GO:0090073; GO:0090280; GO:1902041; GO:1903078; GO:2001237,,Rattus norvegicus (Rat),Background Only
P08699,Lgals3,GO:0001772; GO:0002548; GO:0005615; GO:0005634; GO:0005681; GO:0005737; GO:0005886; GO:0006397; GO:0008284; GO:0008380; GO:0009986; GO:0014064; GO:0019863; GO:0030154; GO:0030593; GO:0034988; GO:0043066; GO:0043236; GO:0045087; GO:0045766; GO:0045806; GO:0048029; GO:0048030; GO:0048245; GO:0048246; GO:0050785; GO:0050918; GO:0090280; GO:1903769; GO:2001237,Cytoplasm; Nucleus; Secreted,Rattus norvegicus (Rat),Background Only
V5QQP9,Lgals3,GO:0030246,,Rattus norvegicus (Rat),Background Only
O08954,Snai2,GO:0000122; GO:0003677; GO:0003700; GO:0005634; GO:0005737; GO:0006355; GO:0007275; GO:0044344; GO:0046872,Nucleus; Cytoplasm,Rattus norvegicus (Rat),Background Only
G3V712,Krt7,GO:0005198; GO:0005737; GO:0045095,,Rattus norvegicus (Rat),Background Only
P07308,Scd1,GO:0004768; GO:0005506; GO:0005789; GO:0006633; GO:0006636; GO:0006641; GO:0008610; GO:0016021; GO:0016491; GO:0030176; GO:0032896; GO:0033561; GO:0034435; GO:0043231; GO:0044130; GO:0050830; GO:0050872; GO:0050873; GO:0070542; GO:0120162; GO:1903699; GO:1903966,Endoplasmic reticulum membrane; Membrane,Rattus norvegicus (Rat),Background Only
D3ZJ25,Slc1a5,GO:0005886; GO:0010585; GO:0015186; GO:0015194; GO:0015293; GO:0015825; GO:0016021; GO:0070207; GO:1903803,Membrane,Rattus norvegicus (Rat),Background Only
Q9Z1J7,Slc1a5,GO:0010585; GO:0015194; GO:0015293; GO:0015825; GO:0016021; GO:1903803,Membrane,Rattus norvegicus (Rat),Background Only
D3ZJA3,Spry4,GO:0005829; GO:0007275; GO:0016020; GO:0040037; GO:0043407; GO:0046580; GO:0070373; GO:1990830,,Rattus norvegicus (Rat),Background Only
P22288,Gch1,GO:0003924; GO:0003934; GO:0005509; GO:0005525; GO:0005654; GO:0005737; GO:0005829; GO:0006729; GO:0008270; GO:0010460; GO:0014916; GO:0030742; GO:0031369; GO:0031410; GO:0031965; GO:0032496; GO:0032991; GO:0034341; GO:0034612; GO:0035998; GO:0042311; GO:0042416; GO:0042803; GO:0045776; GO:0046654; GO:0048265; GO:0050662; GO:0050884; GO:0051000; GO:0051019; GO:0051066; GO:0051260; GO:0051291; GO:0065003; GO:2000121,Cytoplasm; Nucleus,Rattus norvegicus (Rat),Background Only
B0BNI9,Slc22a23,GO:0016021; GO:0022857,,Rattus norvegicus (Rat),Background Only
Q9QZG1,Slc22a23,GO:0006811; GO:0016021; GO:0022857,Membrane,Rattus norvegicus (Rat),Background Only
A0A0G2K3V3,Cckbr,GO:0015054; GO:0016021,,Rattus norvegicus (Rat),Background Only
G3V8A8,Cckbr,GO:0001696; GO:0004951; GO:0005623; GO:0007200; GO:0007204; GO:0008284; GO:0015054; GO:0016021; GO:0017046; GO:0031741; GO:0045851; GO:0048565; GO:0048732,,Rattus norvegicus (Rat),Background Only
P30553,Cckbr,GO:0001821; GO:0002209; GO:0005634; GO:0005737; GO:0005886; GO:0006915; GO:0007204; GO:0007586; GO:0008284; GO:0015054; GO:0016021; GO:0032230; GO:0032868; GO:0044849; GO:0050806; GO:0051930; GO:0051968; GO:0070371; GO:0090274; GO:2000987,Cell membrane,Rattus norvegicus (Rat),Background Only
A0MV40,Shisa4,GO:0016021,,Rattus norvegicus (Rat),Background Only
A0A0G2K3G1,Sla,GO:0005070,,Rattus norvegicus (Rat),Background Only
A0A0G2KAQ1,Sla,GO:0005070,,Rattus norvegicus (Rat),Background Only
A0A1W2Q6I5,Sla,,,Rattus norvegicus (Rat),Background Only
A0A1W2Q6L4,Sla,GO:0005070,,Rattus norvegicus (Rat),Background Only
P59622,Sla,GO:0004715; GO:0005070; GO:0005768; GO:0030154; GO:0038083; GO:0042127,Cytoplasm; Endosome,Rattus norvegicus (Rat),Background Only
Q6DG50,Tbkbp1,GO:0045087,,Rattus norvegicus (Rat),Background Only
Q9EPX4,P2ry12,GO:0001609; GO:0001621; GO:0001973; GO:0005886; GO:0005901; GO:0006930; GO:0007186; GO:0007193; GO:0007200; GO:0008347; GO:0009897; GO:0009925; GO:0010700; GO:0016021; GO:0019722; GO:0021808; GO:0030030; GO:0030032; GO:0031224; GO:0031253; GO:0033626; GO:0033630; GO:0035585; GO:0043270; GO:0043491; GO:0044298; GO:0045028; GO:0045596; GO:0048678; GO:0050920; GO:0050921; GO:0051897; GO:0051924; GO:0070527; GO:0070588; GO:0071318; GO:0071805; GO:0150063; GO:1900029; GO:1904139; GO:1904141,Cell membrane,Rattus norvegicus (Rat),Background Only
A0A0G2JX95,Etv4,GO:0000978; GO:0000981; GO:0005634; GO:0005730; GO:0006357; GO:0030154; GO:0045944,Nucleus,Rattus norvegicus (Rat),Background Only
B5DF72,Etv4,GO:0003700; GO:0005634; GO:0043565,Nucleus,Rattus norvegicus (Rat),Background Only
E9PTJ2,Etv4,GO:0000981; GO:0005634; GO:0006357; GO:0030154; GO:0043565,Nucleus,Rattus norvegicus (Rat),Background Only
P32215,Adcyap1r1,GO:0000139; GO:0004999; GO:0005737; GO:0005768; GO:0005791; GO:0005901; GO:0005923; GO:0007166; GO:0007202; GO:0007283; GO:0008179; GO:0008528; GO:0009986; GO:0010524; GO:0016021; GO:0017046; GO:0019933; GO:0030154; GO:0030306; GO:0032355; GO:0033555; GO:0042493; GO:0042923; GO:0043005; GO:0043235; GO:0043950; GO:0045471; GO:0046545; GO:0051057; GO:0060548; GO:0060732,Cell membrane,Rattus norvegicus (Rat),Background Only
F1M4F3,Mast4,GO:0000287; GO:0004674; GO:0005524; GO:0007010; GO:0018105; GO:0035556,,Rattus norvegicus (Rat),Background Only
M0R3L1,Mast4,GO:0000287; GO:0004674; GO:0005524; GO:0007010; GO:0018105; GO:0035556,,Rattus norvegicus (Rat),Background Only
B5DFM0,Heatr5a,,,Rattus norvegicus (Rat),Background Only
F1LSK5,Heatr5a,GO:0005829; GO:0006897; GO:0008104; GO:0030139; GO:0042147,,Rattus norvegicus (Rat),Background Only
Q8K3V3,Adgrg1,GO:0001525; GO:0004930; GO:0005518; GO:0005576; GO:0005887; GO:0007155; GO:0007166; GO:0007189; GO:0007266; GO:0008201; GO:0008285; GO:0010573; GO:0016477; GO:0021801; GO:0021819; GO:0035025; GO:0045121; GO:0045785; GO:0050840; GO:0070528; GO:0097451; GO:2001223,Cell membrane; Secreted; Membrane raft,Rattus norvegicus (Rat),Background Only
G3V7S2,Nefm,GO:0005198; GO:0005883; GO:0033693; GO:0097418,,Rattus norvegicus (Rat),Background Only
P12839,Nefm,GO:0005102; GO:0005198; GO:0005856; GO:0005882; GO:0005883; GO:0015643; GO:0021510; GO:0021766; GO:0021987; GO:0030424; GO:0031103; GO:0033693; GO:0034599; GO:0043204; GO:0045105; GO:0046982; GO:0071392; GO:1903937,,Rattus norvegicus (Rat),Background Only
F1LR29,Frmd6,GO:0003383; GO:0005856; GO:0032970; GO:0034613; GO:0043296,,Rattus norvegicus (Rat),Background Only
Q8VII0,Frmd6,GO:0005737; GO:0005856; GO:0005886; GO:0031032,Cytoplasm; Cell membrane,Rattus norvegicus (Rat),Background Only
Q5XI04,Stom,GO:0005739; GO:0005783; GO:0005856; GO:0005886; GO:0005887; GO:0042803; GO:0044829; GO:0045121; GO:0048471; GO:0051260; GO:0070063; GO:0090314; GO:1901585,,Rattus norvegicus (Rat),Background Only
D4A9V6,Elk3,GO:0000978; GO:0000981; GO:0001227; GO:0001228; GO:0001525; GO:0005634; GO:0005654; GO:0005739; GO:0006357; GO:0030154; GO:0032422; GO:0042060,Nucleus,Rattus norvegicus (Rat),Background Only
Q9QWS8,Kcnh8,GO:0000981; GO:0005249; GO:0005887; GO:0034765; GO:0042391; GO:0043066; GO:0071805,Membrane,Rattus norvegicus (Rat),Background Only
Q9R1T9,Kcnh4,GO:0005249; GO:0005887; GO:0034765; GO:0042391; GO:0071805,Membrane,Rattus norvegicus (Rat),Background Only
P01143,Crh,GO:0001934; GO:0001963; GO:0003085; GO:0005615; GO:0005737; GO:0006704; GO:0006954; GO:0007565; GO:0007611; GO:0008202; GO:0008284; GO:0008306; GO:0008628; GO:0010628; GO:0010629; GO:0010700; GO:0010942; GO:0014062; GO:0016101; GO:0017045; GO:0021854; GO:0030324; GO:0030325; GO:0032811; GO:0033685; GO:0035641; GO:0035774; GO:0035902; GO:0042220; GO:0042493; GO:0043025; GO:0043196; GO:0043204; GO:0043627; GO:0043950; GO:0045471; GO:0045472; GO:0048265; GO:0050801; GO:0051412; GO:0051430; GO:0051431; GO:0051461; GO:0051464; GO:0060291; GO:0060456; GO:0060548; GO:0070093; GO:0071314; GO:0071549; GO:0090280; GO:2000310; GO:2000854; GO:2000987,Secreted,Rattus norvegicus (Rat),Background Only
A0A0G2K8V2,Vcl,GO:0002009; GO:0002102; GO:0002162; GO:0005198; GO:0005916; GO:0005925; GO:0030032; GO:0030334; GO:0031625; GO:0034333; GO:0034394; GO:0042383; GO:0043034; GO:0043297; GO:0045294; GO:0048675; GO:0051015; GO:0090136,,Rattus norvegicus (Rat),Background Only
P85972,Vcl,GO:0005198; GO:0005903; GO:0005915; GO:0005925; GO:0007155; GO:0014704; GO:0017048; GO:0030018; GO:0042383; GO:0051015; GO:0090636; GO:0090637; GO:1990357,Cell membrane; Cell junction; Adherens junction; Focal adhesion; Cytoplasm; Cytoskeleton; Sarcolemma,Rattus norvegicus (Rat),Background Only
R9PXU6,Vcl,GO:0005198; GO:0005623; GO:0005886; GO:0005903; GO:0005915; GO:0007155; GO:0051015; GO:0090636; GO:0090637; GO:1990357,,Rattus norvegicus (Rat),Background Only
P52631,Stat3,GO:0000790; GO:0000978; GO:0001103; GO:0001228; GO:0001659; GO:0001754; GO:0003677; GO:0003700; GO:0004879; GO:0005634; GO:0005654; GO:0005737; GO:0005739; GO:0005743; GO:0005829; GO:0005886; GO:0006355; GO:0006357; GO:0006606; GO:0006952; GO:0006953; GO:0006954; GO:0007259; GO:0007568; GO:0008134; GO:0008283; GO:0008284; GO:0008285; GO:0010033; GO:0010507; GO:0010730; GO:0014069; GO:0014070; GO:0016310; GO:0019221; GO:0019827; GO:0019901; GO:0019903; GO:0019953; GO:0030335; GO:0031490; GO:0031730; GO:0032355; GO:0033210; GO:0034097; GO:0035259; GO:0035278; GO:0040014; GO:0042127; GO:0042493; GO:0042593; GO:0042755; GO:0042789; GO:0042803; GO:0043066; GO:0043434; GO:0043565; GO:0044320; GO:0044321; GO:0045410; GO:0045471; GO:0045648; GO:0045747; GO:0045766; GO:0045820; GO:0045893; GO:0045944; GO:0046902; GO:0046983; GO:0048708; GO:0050804; GO:0051092; GO:0051726; GO:0060019; GO:0060259; GO:0060397; GO:0060548; GO:0070102; GO:0071345; GO:0071407; GO:0072540; GO:0090575; GO:0097009; GO:0098685; GO:0098978; GO:0099527; GO:1901215; GO:1902728; GO:1902895; GO:1904685; GO:1905564; GO:2000637; GO:2000737; GO:2001171; GO:2001223,Cytoplasm; Nucleus,Rattus norvegicus (Rat),Background Only
Q10758,Krt8,GO:0005654; GO:0005911; GO:0016010; GO:0016327; GO:0016363; GO:0030018; GO:0033209; GO:0042383; GO:0043034; GO:0044877; GO:0045095; GO:0045214; GO:0051599; GO:0051707; GO:0060706; GO:0097110; GO:0097191; GO:0097284,Cytoplasm; Nucleus; Nucleoplasm; Nucleus matrix,Rattus norvegicus (Rat),Background Only
E9PSJ1,St3gal1,GO:0003836; GO:0005794; GO:0006468; GO:0006486; GO:0016021,,Rattus norvegicus (Rat),Background Only
Q6H8N0,St3gal1,GO:0003836; GO:0005794; GO:0006486; GO:0016021,,Rattus norvegicus (Rat),Background Only
A0A0G2K8A2,S100a3,GO:0005509; GO:0005730; GO:0005829; GO:0008270,,Rattus norvegicus (Rat),Background Only
P62819,S100a3,GO:0005509; GO:0005737; GO:0008270,Cytoplasm,Rattus norvegicus (Rat),Background Only
D4ABM3,Daam1,GO:0001725; GO:0003779; GO:0005829; GO:0005886; GO:0017048; GO:0030036; GO:0031514; GO:0036064; GO:0042802,,Rattus norvegicus (Rat),Background Only
D3ZNA1,Zfp608,GO:0000122; GO:0003676,,Rattus norvegicus (Rat),Background Only
D4A3U5,Zfhx4,GO:0000122; GO:0000978; GO:0005634; GO:0008270; GO:0044212; GO:0045893,Nucleus,Rattus norvegicus (Rat),Background Only
F1LV21,Ubash3b,GO:0004725; GO:0006469; GO:0009968; GO:0016791; GO:0031625; GO:0035335; GO:0038063; GO:0038065; GO:0042802; GO:0043393; GO:0045670; GO:0045671; GO:0045779; GO:0051219; GO:0051279; GO:0070527; GO:0090331,,Rattus norvegicus (Rat),Background Only
D4A7X5,Ppm1k,GO:0004722; GO:0004724; GO:0005759; GO:0046872; GO:1904184,,Rattus norvegicus (Rat),Background Only
D4AAV0,Irf6,GO:0000981; GO:0002376; GO:0005634; GO:0005829; GO:0007050; GO:0008285; GO:0030054; GO:0030216; GO:0043565; GO:0043616; GO:0044212; GO:0045944; GO:0048468; GO:0060021; GO:0060644,,Rattus norvegicus (Rat),Background Only
A0A0G2K5A1,Odc1,GO:0003824; GO:0006596,,Rattus norvegicus (Rat),Background Only
P09057,Odc1,GO:0001822; GO:0004586; GO:0005737; GO:0005829; GO:0006595; GO:0008284; GO:0009446; GO:0009615; GO:0033387; GO:0042176; GO:0042803; GO:0048471,,Rattus norvegicus (Rat),Background Only
A0A0G2K4Y4,RT1-S3,GO:0001916; GO:0002476; GO:0002486; GO:0005102; GO:0005615; GO:0005886; GO:0006955; GO:0009897; GO:0042605,,Rattus norvegicus (Rat),Background Only
F1LQF2,RT1-S3,GO:0001916; GO:0002476; GO:0002486; GO:0005102; GO:0005615; GO:0005886; GO:0006955; GO:0009897; GO:0016021; GO:0042605,,Rattus norvegicus (Rat),Background Only
Q9QUQ2,RT1-S3,GO:0001916; GO:0002476; GO:0002486; GO:0005102; GO:0005615; GO:0005886; GO:0006955; GO:0009897; GO:0016021; GO:0042605,,Rattus norvegicus (Rat),Background Only
A0A0G2K9C0,Vasp,GO:0001843; GO:0003779; GO:0005522; GO:0005829; GO:0005856; GO:0005886; GO:0005925; GO:0007411; GO:0008154; GO:0017124; GO:0030027; GO:0030036; GO:0030175; GO:0030838; GO:0051289,Cytoplasm; Cytoskeleton,Rattus norvegicus (Rat),Background Only
B5DEX4,Vasp,GO:0001843; GO:0003779; GO:0005522; GO:0005737; GO:0005856; GO:0007411; GO:0008154; GO:0017124; GO:0030036; GO:0030838; GO:0042995; GO:0051289,Cytoplasm; Cytoskeleton,Rattus norvegicus (Rat),Background Only
F7EWC1,Vasp,GO:0001843; GO:0003779; GO:0005522; GO:0005737; GO:0005856; GO:0007411; GO:0008154; GO:0017124; GO:0030036; GO:0030838; GO:0042995; GO:0051289,Cytoplasm; Cytoskeleton,Rattus norvegicus (Rat),Background Only
B5DEG0,Pwwp3b,,,Rattus norvegicus (Rat),Background Only
P24008,Srd5a1,GO:0001655; GO:0001889; GO:0003865; GO:0005737; GO:0005789; GO:0006694; GO:0006702; GO:0006710; GO:0008209; GO:0008584; GO:0009267; GO:0014070; GO:0014850; GO:0016021; GO:0016101; GO:0016491; GO:0021510; GO:0021766; GO:0021794; GO:0021854; GO:0021983; GO:0021987; GO:0030154; GO:0030539; GO:0030540; GO:0032354; GO:0032355; GO:0032869; GO:0033218; GO:0033574; GO:0042428; GO:0042448; GO:0042493; GO:0042747; GO:0043025; GO:0043209; GO:0043231; GO:0043627; GO:0046661; GO:0047751; GO:0048471; GO:0060348; GO:0060416; GO:0060992; GO:0070402; GO:0070852; GO:0071320; GO:0071363; GO:0071392; GO:0071394; GO:0071407; GO:0071549; GO:0071872,Microsome membrane; Endoplasmic reticulum membrane,Rattus norvegicus (Rat),Background Only
F1M0C4,Kctd14,GO:0051260,,Rattus norvegicus (Rat),Background Only
Q4QQV0,Tubb6,GO:0000226; GO:0000278; GO:0003924; GO:0005200; GO:0005525; GO:0005737; GO:0005874; GO:0007017,Cytoplasm; Cytoskeleton,Rattus norvegicus (Rat),Background Only
F1M0C0,Tbx2,GO:0000122; GO:0000977; GO:0001102; GO:0001228; GO:0001708; GO:0001947; GO:0003205; GO:0005634; GO:0007417; GO:0008284; GO:0045944,Nucleus,Rattus norvegicus (Rat),Background Only
E9PT24,Zeb1,GO:0003677,,Rattus norvegicus (Rat),Background Only
F8WG35,Zeb1,GO:0001227; GO:0003682; GO:0005654; GO:0005667; GO:0005829; GO:0007389; GO:0007417; GO:0008134; GO:0008285; GO:0010464; GO:0017015; GO:0033081; GO:0045602; GO:0045666; GO:0045944; GO:0048596; GO:0048704; GO:0048752; GO:0051150; GO:0051216; GO:0070888; GO:0071230; GO:0090103,,Rattus norvegicus (Rat),Background Only
Q62947,Zeb1,GO:0000122; GO:0003682; GO:0003690; GO:0003700; GO:0005634; GO:0008270; GO:0014823; GO:0030900; GO:0031667; GO:0043565; GO:0045666; GO:0045892; GO:0045944; GO:0070888; GO:0071560,Nucleus,Rattus norvegicus (Rat),Background Only
D3ZFL3,Map3k6,GO:0000186; GO:0000287; GO:0004672; GO:0004709; GO:0005524,,Rattus norvegicus (Rat),Background Only
D3ZWL1,Skil,GO:0000978; GO:0001227; GO:0001669; GO:0001825; GO:0002260; GO:0003682; GO:0005634; GO:0007050; GO:0007179; GO:0007283; GO:0030512; GO:0030514; GO:0032991; GO:0034097; GO:0045596; GO:0046332; GO:0048666; GO:0050772; GO:0070306; GO:1902043; GO:1902231,,Rattus norvegicus (Rat),Background Only
Q9QYW5,Emp3,GO:0005886; GO:0008219; GO:0016021; GO:0032060,Membrane,Rattus norvegicus (Rat),Background Only
A8ASI9,Bid,GO:0001836; GO:0005829; GO:0006626; GO:0006919; GO:0010918; GO:0031625; GO:0032464; GO:0032592; GO:0042127; GO:0042775; GO:0046982; GO:0051260; GO:0090200; GO:0097191; GO:0097284; GO:0097345; GO:1902230; GO:2000045; GO:2000271,,Rattus norvegicus (Rat),Background Only
Q9JLT6,Bid,GO:0001836; GO:0002931; GO:0005739; GO:0005741; GO:0005829; GO:0006626; GO:0006919; GO:0007420; GO:0008637; GO:0010918; GO:0031625; GO:0032355; GO:0032464; GO:0032592; GO:0034263; GO:0034349; GO:0042127; GO:0042775; GO:0046982; GO:0051260; GO:0090200; GO:0097191; GO:0097284; GO:0097345; GO:1902230; GO:2000045; GO:2000271; GO:2001238; GO:2001244,Cytoplasm; Mitochondrion membrane; Mitochondrion outer membrane,Rattus norvegicus (Rat),Background Only
D3ZQP6,Sema7a,GO:0001755; GO:0005178; GO:0005615; GO:0005887; GO:0007229; GO:0009897; GO:0021988; GO:0030215; GO:0030335; GO:0045499; GO:0045773; GO:0048675; GO:0048843; GO:0050727; GO:0050919; GO:0060907; GO:0070374; GO:0071526,,Rattus norvegicus (Rat),Background Only
D3ZRN3,Actbl2,GO:0005524; GO:0005737; GO:0015629; GO:0098978,Cytoplasm; Cytoskeleton,Rattus norvegicus (Rat),Background Only
Q562C0,Pkp2,GO:0005886; GO:0010765; GO:0017080; GO:0044325; GO:0071253; GO:0072659; GO:0086064; GO:0098609,,Rattus norvegicus (Rat),Background Only
A0A0U1RRZ3,Nkrf,GO:0000978; GO:0005634; GO:0005654; GO:0005730; GO:0045892,,Rattus norvegicus (Rat),Background Only
B5DFG5,6-Sep,GO:0003924; GO:0005525; GO:0005940; GO:0008021; GO:0015630; GO:0031105; GO:0032154; GO:0032173; GO:0043679; GO:0060271; GO:0061640; GO:0097227,,Rattus norvegicus (Rat),Background Only
